tier,quality_score,metro,title,best_email,all_emails,email_sources,phone,website,address,google_maps_link,socials_facebook,socials_instagram,socials_linkedin,socials_yelp,socials_tiktok,socials_youtube,owner_name,owner_title,owner_linkedin,additional_team,pocs,top_pain_category,pain_breadth_count,pain_quote_1,pain_quote_2,pain_quote_1_rating,pain_quote_2_rating,recommended_service,recommended_service_url,all_pain_categories,all_recommended_services,crawl_status,research_note,review_count,rating,negative_reviews_1_3_star,reviews_analyzed,website_raw,google_maps_link_raw,website_redirect_target_raw,is_chain_or_dso,chain_reason,website_redirect_mismatch,website_redirect_target,emails_invalid_count,crawled_emails_suspect,phone_invalid,phone_invalid_reason
A,233.53,san francisco,Demandforce,,,,+1 800-246-9853,https://www.demandforce.com,"222 Kearny St Suite 400, San Francisco, CA 94108, United States",https://www.google.com/maps/place/Demandforce/data=!4m7!3m6!1s0x808580863b580221:0x12f7e23eb04d3a1!8m2!3d37.7902093!4d-122.4034991!16s%2Fg%2F1tdylfj_!19sChIJIQJYO4aAhYARodME6yN-LwE,,,,,,,,,,,,calls_unanswered,8,We worked with Demand Force for 11 years with minimal results. The platform is average. It may work great for doctors but as an auto shop it's not built for us. But the worst experience was trying to cancel our subscription. I had to call them and then they insisted that I speak with my account manager. In 11 years I have never heard from an account manager. I didn't know we had one and now they insist I talk to them when I want to cancel. The account manager informed me that I am 1 day past the cancellation date window so I will have to pay for another month. It was bad enough I was given the runaround and had to talk to several people to cancel. They wasted my valuable time. And then had the nerve to squeeze another payment from me. Just beware the customer service is subpar here.,"My experience with this company is mixed. I have been in business for over 20 years. I was previously with Customer Link and I am going back to them for these services. They have a month to month arrangement with which I am more comfortable. It keeps them accountable. When I signed up with Demand Force, they made specific promises about posting reviews and mailing post cards which they have not kept. The customer service experience is abysmal. The guarantee is worthless. The contract is problematic. The promises made to me were broken. I have been a Demand Force customer for three years and finally got out my onerous contract- which is like one of those Mafia uniform company eternal renewal contracts. They managed to screw me again by denying me access to my information on the last day of service which I've paid for. Think twice about these guys and read the one star reviews. You've been warned.  By the way I wrote this while waiting for a call back- which in my experience with Demand Force may never come. Why would they turn off my service when I have paid for the month?",2,2,Ezly — AI Communication Assistant (never miss a reply),getezly.com/home,billing_or_intake_errors;calls_unanswered;deadline_missed;delivery_quality;followup_dropped;frontline_communication;hidden_subcontracting;scope_drift,,no_email_found,,439,4.5,52,418,https://www.demandforce.com/,https://www.google.com/maps/place/Demandforce/data=!4m7!3m6!1s0x808580863b580221:0x12f7e23eb04d3a1!8m2!3d37.7902093!4d-122.4034991!16s%2Fg%2F1tdylfj_!19sChIJIQJYO4aAhYARodME6yN-LwE?authuser=0&hl=en&rclk=1,,FALSE,,FALSE,,0,FALSE,TRUE,metro_mismatch
B,43.39,san francisco,Victorious SEO,sales@victorious.com,sales@victorious.com;info@victorious.com,gosom_scraper;agent_browser_crawl,+1 415-621-9830,https://victorious.com,"548 Market St #41895, San Francisco, CA 94104, United States",https://www.google.com/maps/place/Victorious+SEO/data=!4m7!3m6!1s0x8085808455010a01:0x9cf7ea98ce012c4e!8m2!3d37.7804308!4d-122.3995214!16s%2Fg%2F11c61bbsgp!19sChIJAQoBVYSAhYARTiwBzpjq95w,https://www.facebook.com/wearevictorious/,https://www.instagram.com/victorious_seo/,https://www.linkedin.com/company/victorious-seo/about/,,,,Michael Transon,Founder & CEO,https://www.linkedin.com/in/michaeltranson/,,Jason White,frontline_communication,6,"We spent over $100k with Victorious for 6+ months and got shockingly little in return. After an impressive intro call, communication collapsed — just 4 meetings, 20 emails, and 67 chat messages the entire time (even after I complained 3 months in). Deliverables? 82 backlinks, 13 copy docs, 9 technical docs — that’s it, for $100k. Project management was disorganized, planning was poor, and the value simply wasn’t there. A complete disappointment.","Victorious SEO has effectively destroyed our company’s web traffic with advice that was contrary to the realities of Google and its parameters. What’s worse, after calling them out on it they blatantly denied it any wrong doing, hid behind corporate talk, and now after all of that DEBITED AN ADDITIONAL PAYMENT AFTER THE END OF CONTRACT!!! AND NOBODY THERE CARES OR RUSHES TO FIX THE PROBLEMS THEY CREATE. We will never recommend their services to anyone.",1,1,Ezly — AI Communication Assistant (tone + personalization),getezly.com/home,billing_or_intake_errors;booking_friction;calls_unanswered;delivery_quality;followup_dropped;frontline_communication,,ok,,73,4.7,5,66,https://victorious.com/,https://www.google.com/maps/place/Victorious+SEO/data=!4m7!3m6!1s0x8085808455010a01:0x9cf7ea98ce012c4e!8m2!3d37.7804308!4d-122.3995214!16s%2Fg%2F11c61bbsgp!19sChIJAQoBVYSAhYARTiwBzpjq95w?authuser=0&hl=en&rclk=1,,FALSE,,FALSE,,1,FALSE,FALSE,
B,30.16,san francisco,San Francisco Online Marketing - SFOM,info@sfomarketing.com,info@sfomarketing.com,agent_browser_crawl,+1 415-360-6199,https://www.sfomarketing.com,"415 Mission St #37-132, San Francisco, CA 94105, United States",https://www.google.com/maps/place/San+Francisco+Online+Marketing+-+SFOM/data=!4m7!3m6!1s0x808580bf16fe8fd5:0x4a7cb6565be44e12!8m2!3d37.7897965!4d-122.3969499!16s%2Fg%2F1ptyfcs2n!19sChIJ1Y_-Fr-AhYAREk7kW1a2fEo,https://www.facebook.com/sanfrancsicoonlinemarketing/,https://www.instagram.com/sanfranciscoonlinemarketing/,https://www.linkedin.com/company/san-francisco-online-marketing/,,,,John Nashed,Co-Founder / Partner,https://www.linkedin.com/in/jnashed/,,,frontline_communication,4,"I have been advertising with SFOM Marketing for over 10 years, investing a significant amount of money into my PPC account. Unfortunately, my experience has been nothing short of disappointing
When I decided to part ways with them, they initially refused to give me access to my PPC account, which contains crucial historical data about my keywords, company optimizations, and funding. This lack of access has negatively impacted my business ranking, which I had maintained for years thanks to my investment.
While they eventually returned my Google My Business profiles after a lengthy struggle, they still withheld my PPC account. Their refusal to address my questions about advertising strategies, growth, and Al has shown a lack of accountability. It feels like they operate with a ""do no wrong"" attitude and are unwilling to engage in constructive dialogue.
Furthermore, they have become increasingly greedy, charging for services that should be included in their management. For instance, despite paying a third party for website development, they refused to optimize my new site without additional charges. They also charged for Yelp ad management but provided no value--anyone can create a Yelp business account directly. The same goes for Local Service Ads; they charged me an additional 20% for something I could easily do myself.
If you're considering advertising with SFOM Marketing, I strongly advise ensuring you maintain full control of your business assets. My experience has been fraught with challenges and frustration, and I regret the years I spent with them.",We were once a customer and them asked  to change our local listing back.. We never received a response back  or any communication.. Very disapointed in the service,1,1,Ezly — AI Communication Assistant (tone + personalization),getezly.com/home,calls_unanswered;followup_dropped;frontline_communication;scope_drift,,ok,,113,4.9,2,90,https://www.sfomarketing.com/,https://www.google.com/maps/place/San+Francisco+Online+Marketing+-+SFOM/data=!4m7!3m6!1s0x808580bf16fe8fd5:0x4a7cb6565be44e12!8m2!3d37.7897965!4d-122.3969499!16s%2Fg%2F1ptyfcs2n!19sChIJ1Y_-Fr-AhYAREk7kW1a2fEo?authuser=0&hl=en&rclk=1,,FALSE,,FALSE,,0,FALSE,FALSE,
C,26.54,san francisco,Voco Design,hi@vocodesign.com,hi@vocodesign.com,gosom_scraper,+1 818-850-5836,https://www.vocodesign.com,"2055 California St #204, San Francisco, CA 94109, United States",https://www.google.com/maps/place/Voco+Design/data=!4m7!3m6!1s0x808580c0968e7bab:0xac5df1028080f315!8m2!3d37.7893555!4d-122.4281221!16s%2Fg%2F1thnn_m3!19sChIJq3uOlsCAhYARFfOAgALxXaw,https://www.facebook.com/vocodesign,https://www.instagram.com/vocodesign/,https://www.linkedin.com/company/voco-design-and-marketing,https://www.yelp.com/biz/voco-design-and-marketing-san-francisco,,https://www.youtube.com/channel/UCYrvADD9EdhPP8YEoyHiB4g,,,,,,calls_unanswered,3,"Quick summary - responsive until they received my full payment, then no progress after 1 full year.

As a small business in San Francisco, we wanted an updated web site just for company info and pictures. Jason had quoted a quick turnaround - 2 weeks for a logo re-design and a total of 6 weeks for the web site to go live.

1/31/2023 - received a quote from Jason at Voco Design
2/1/2023 - I accepted the quote and paid my 50% deposit
2/9/2023 - logo re-design delivered and accepted
3/8/2023 - web site mock ups delivered and accepted
4/12/2023 - invoiced for remaining 50% and paid it

The following steps is when everything broke down
Between May and June of 2023, either myself or Jason was out of town/country, so we could not finalize.

8/2/2023 - Jason requested access to my web hosting server to start uploading. I have not seen any changes to my web site at all.

Since then, I have not been able to get a commitment from Jason or his team. Jason has sent me messages saying he was out of town, medical emergencies, etc which I can totally understand and was willing to wait for him.  I had called his office and Tom had responded to look into it, but I have now been ignored by Tom as well.

As of 2/1/2024 (one year later!!), I have sent an email to Jason and Tom to just close the project. They can refund me some portion of my 100% paid job, but they have not responded. I have changed the password to my web hosting as a precaution.

I am willing to call this a loss and mark it as a lesson learned working with design companies. Maybe my company was too small for them, but seems my money was good enough for them","We started working with Jason Phegley summer of 2022 to redesign our non-profit website.  The contract promised two weeks turn around, however, December 31st came and we had nothing to show our stake holders.  This was even after we sent timely payments.  We have been trying to get our money back since Voco Design did not delivered anything and no one is responding to our messages.  This is definitely not a trustworthy business who takes advantage of small non-profit like ours.",1,1,Ezly — AI Communication Assistant (never miss a reply),getezly.com/home,calls_unanswered;deadline_missed;delivery_quality,,ok,,38,4.7,3,36,https://www.vocodesign.com/,https://www.google.com/maps/place/Voco+Design/data=!4m7!3m6!1s0x808580c0968e7bab:0xac5df1028080f315!8m2!3d37.7893555!4d-122.4281221!16s%2Fg%2F1thnn_m3!19sChIJq3uOlsCAhYARFfOAgALxXaw?authuser=0&hl=en&rclk=1,,FALSE,,FALSE,,0,FALSE,TRUE,metro_mismatch
C,22.6,san francisco,Software Development Company San Francisco - Simform,,,,+1 312-348-6980,https://www.simform.com/software-development-san-francisco,"388 Market St #1300, San Francisco, CA 94111, United States",https://www.google.com/maps/place/Software+Development+Company+San+Francisco+-+Simform/data=!4m7!3m6!1s0x8085810e079939b9:0xf67a41f234506f06!8m2!3d37.7922754!4d-122.3981949!16s%2Fg%2F11fn40jvjt!19sChIJuTmZBw6BhYARBm9QNPJBevY,https://www.facebook.com/simform/,,https://www.linkedin.com/company/simform/,,,https://www.youtube.com/channel/UCCY8HMCxj_RwI0xNJWVVGZg/,,,,,,frontline_communication,1,"Scam alert!!
I am providing this feedback to highlight significant structural and professional issues encountered during this contract. My experience was marred by unrealistic expectations and a lack of professional leadership from the management team, specifically Cinesta and Henry.
Incoherent Operational Constraints: The management required a ""robotic"" adherence to a script that was fundamentally flawed and illogical. Being forced to ask established business owners if they are ""accepting new clients"" was frequently met with derision from the customers, as it is a redundant and unprofessional question. This damaged my credibility and made effective communication impossible.
Professional Misconduct (Cinesta): The management style exhibited by Cinesta was consistently rude and dismissive. Her approach felt more like a ""slavery attitude"" than a professional collaboration, treating freelancers as subordinates to be owned rather than skilled partners. This created a hostile and toxic work environment.
Inadequate Quality Assurance (Henry): The Quality Assurance lead, Henry, demonstrated a significant lack of English proficiency, which is unacceptable for a role centered on auditing high-level communication. It is highly concerning that someone in such a sensitive QA position is unable to fully comprehend the nuances of the calls they are evaluating, leading to inaccurate performance assessments.
Conclusion:
I strongly advise other freelancers to exercise caution. The combination of a dysfunctional script, an overbearing and disrespectful management style from Cinesta, and the technical inadequacy of the QA lead, Henry, makes it impossible to maintain professional standards or achieve success with this organization.",,1,,Ezly — AI Communication Assistant (tone + personalization),getezly.com/home,frontline_communication,,no_email_found,,1,1,1,1,https://www.simform.com/software-development-san-francisco/,https://www.google.com/maps/place/Software+Development+Company+San+Francisco+-+Simform/data=!4m7!3m6!1s0x8085810e079939b9:0xf67a41f234506f06!8m2!3d37.7922754!4d-122.3981949!16s%2Fg%2F11fn40jvjt!19sChIJuTmZBw6BhYARBm9QNPJBevY?authuser=0&hl=en&rclk=1,,FALSE,,FALSE,,0,FALSE,TRUE,metro_mismatch
C,19.6,san francisco,ToolJet,hello@tooljet.com,hello@tooljet.com;support@tooljet.com,gosom_scraper;gosom_scraper,,https://tooljet.com,"1160 Battery St suite 100, San Francisco, CA 94111, United States",https://www.google.com/maps/place/ToolJet/data=!4m7!3m6!1s0x80858169b1af5051:0xac83f190af06b87c!8m2!3d37.801777!4d-122.401463!16s%2Fg%2F11vdnssyqd!19sChIJUVCvsWmBhYARfLgGr5Dxg6w,https://www.facebook.com/ToolJet.io,,https://www.linkedin.com/company/tooljet,,,https://www.youtube.com/channel/UCf1p2G5Z7fPpvlBPf4l2I1w,,,,,,,0,,,,,,,,,ok,,0,0.0,0,0,https://tooljet.com/,https://www.google.com/maps/place/ToolJet/data=!4m7!3m6!1s0x80858169b1af5051:0xac83f190af06b87c!8m2!3d37.801777!4d-122.401463!16s%2Fg%2F11vdnssyqd!19sChIJUVCvsWmBhYARfLgGr5Dxg6w?authuser=0&hl=en&rclk=1,,FALSE,,FALSE,,0,FALSE,TRUE,malformed
C,17.83,san francisco,DxMinds Technologies - Hire Software Developers | Mobile App Development Company in San Francisco,info@dxminds.com,info@dxminds.com;hello@dxminds.com;info.usa@indosakura.com,gosom_scraper;gosom_scraper;gosom_scraper,+1 748-354-6629,https://dxminds.com,"50 California St #1500, San Francisco, CA 94111, United States",https://www.google.com/maps/place/DxMinds+Technologies+-+Hire+Software+Developers+%7C+Mobile+App+Development+Company+in+San+Francisco/data=!4m7!3m6!1s0x808f970a5788675d:0xa428158733df80b9!8m2!3d37.7940487!4d-122.3973037!16s%2Fg%2F11gxjv3m76!19sChIJXWeIVwqXj4ARuYDfM4cVKKQ,https://www.facebook.com/dxminds,https://www.instagram.com/dxmindsinnovationlabs,https://www.linkedin.com/company/dxminds,,,,,,,,,deadline_missed,3,Paid 90% for app and owner did not deliver app as paid and agreed and have not provided refund either. 3 + year for an app is ridiculous. Attempted to sale project to independent developer without my knowledge. The company is a fraud.,,1,,Ezly — AI Communication Assistant (expectation-setting replies),getezly.com/home,deadline_missed;delivery_quality;hidden_subcontracting,,ok,,3,3.3,1,2,https://dxminds.com/,https://www.google.com/maps/place/DxMinds+Technologies+-+Hire+Software+Developers+%7C+Mobile+App+Development+Company+in+San+Francisco/data=!4m7!3m6!1s0x808f970a5788675d:0xa428158733df80b9!8m2!3d37.7940487!4d-122.3973037!16s%2Fg%2F11gxjv3m76!19sChIJXWeIVwqXj4ARuYDfM4cVKKQ?authuser=0&hl=en&rclk=1,,FALSE,,FALSE,,0,FALSE,TRUE,metro_mismatch
C,16.82,san francisco,Genius Tech Development,info@geniustechdevelopment.com,info@geniustechdevelopment.com,gosom_scraper,+1 888-531-8488,http://www.geniustechdevelopment.com,"1140 Harrison St, San Francisco, CA 94103, United States",https://www.google.com/maps/place/Genius+Tech+Development/data=!4m7!3m6!1s0x808f7f3641e80ef1:0x8ed4dc0dc06efebc!8m2!3d37.7748838!4d-122.4077029!16s%2Fg%2F11ssnhx0t3!19sChIJ8Q7oQTZ_j4ARvP5uwA3c1I4,https://facebook.com/;https://www.facebook.com/geniustechdevelopment,https://instagram.com/;https://www.instagram.com/geniustechdevelopment,https://linkedin.com/,,,https://www.youtube.com/@GeniusTechDevelopment-s7n,,,,,,deadline_missed,3,"Rateros, dejaría zero estrellas si se pudiera. La membresía que compré incluye cambios en mi página web. Te presionan para que pagues la membresía después toma semanas para hacer cambios de los errores que ellos cometieron en mi página. Después te cobran más por otra membresía más cara para hacer los mismos cambios originales. No gasten su dinero aquí.","They called my business 6 months ago told me they would help promote me and i would be on more search engines and  i would get more clients and all this good stuff right! well the only thing that they did was make me a website and made me a tik tok account and a pintrest accout, i thought i was paying for  maybe adds and i was going to pop up on google first, because thats what they said they helped you be a first option but that was not true i never got clients from online or new  ones i already had my buisness account on google and i know the activity on it so yeah, i could of done a website with Ai and saved $600 bucks now they are trying to sell me the website for 2k dollars for life  this never worked for me so  be ware!",1,1,Ezly — AI Communication Assistant (expectation-setting replies),getezly.com/home,deadline_missed;delivery_quality;scope_drift,,ok,,87,4.9,3,75,http://www.geniustechdevelopment.com/,https://www.google.com/maps/place/Genius+Tech+Development/data=!4m7!3m6!1s0x808f7f3641e80ef1:0x8ed4dc0dc06efebc!8m2!3d37.7748838!4d-122.4077029!16s%2Fg%2F11ssnhx0t3!19sChIJ8Q7oQTZ_j4ARvP5uwA3c1I4?authuser=0&hl=en&rclk=1,,FALSE,,FALSE,,0,FALSE,TRUE,metro_mismatch
D,14.43,san francisco,"JH SEO Agency | San Francisco SEO Experts - Digital Marketing, Ads Management, & Web Development",,,,+1 213-894-9220,https://jhseoagency.com/top-san-francisco-seo,"2045 15th St, San Francisco, CA 94114, United States","https://www.google.com/maps/place/JH+SEO+Agency+%7C+San+Francisco+SEO+Experts+-+Digital+Marketing,+Ads+Management,+%26+Web+Development/data=!4m7!3m6!1s0x808f7fc7f103dfcd:0xaeba7226d30d6d6!8m2!3d37.7659005!4d-122.4297148!16s%2Fg%2F11hzy8rnw8!19sChIJzd8D8cd_j4AR1tYwbSKn6wo",,,,,,,,,,,,frontline_communication,2,"My experience with Jimmy Huh's SEO services was far from satisfactory. Despite his confident pitch, the improvements in my website's ranking were negligible. The reports provided were often unclear and lacked detailed insights. For the premium price he charges, I expected better results and more professional communication. I regret choosing his services and will be looking elsewhere for my SEO needs.",,1,,Ezly — AI Communication Assistant (tone + personalization),getezly.com/home,delivery_quality;frontline_communication,,no_email_found,,22,4.8,1,22,https://jhseoagency.com/top-san-francisco-seo/,"https://www.google.com/maps/place/JH+SEO+Agency+%7C+San+Francisco+SEO+Experts+-+Digital+Marketing,+Ads+Management,+%26+Web+Development/data=!4m7!3m6!1s0x808f7fc7f103dfcd:0xaeba7226d30d6d6!8m2!3d37.7659005!4d-122.4297148!16s%2Fg%2F11hzy8rnw8!19sChIJzd8D8cd_j4AR1tYwbSKn6wo?authuser=0&hl=en&rclk=1",,FALSE,,FALSE,,0,FALSE,TRUE,metro_mismatch
D,14.04,san francisco,Lorenzo Gutierrez Digital Marketing San Francisco,,,,+1 415-851-5644,https://lorenzogutierrez.net/locations/san-francisco,"44 Montgomery St #35, San Francisco, CA 94104, United States",https://www.google.com/maps/place/Lorenzo+Gutierrez+Digital+Marketing+San+Francisco/data=!4m7!3m6!1s0x80858089d16fffff:0xbd4aa3b25c5ed3ee!8m2!3d37.7897312!4d-122.401906!16s%2Fg%2F11gglshjt8!19sChIJ__9v0YmAhYAR7tNeXLKjSr0,,,,,,,,,,,,calls_unanswered,2,"Likely a front for a scam.  Their website's Let's Encrypt SSL certificate expired several months ago back in January (and those're free to maintain!) and calling their advertised number gives me an error saying that ""the wireless customer you are calling is not available"".  If this business is so successful such that hey have over a dozen locations, why is their website failing to meet basic standards and why does their phone direct to a cell phone?

Not to mention several of the webpages on their website look absolutely atrocious.  CSS failures, likely.

RED FLAGS ABOUND.","Paid Mr. Lorenzo to write a large number of guest posts for SEO. They were written at the level of a 16 year old.  More importantly, he's working with spam websites a later found out. The posts literally HURT my website.",1,1,Ezly — AI Communication Assistant (never miss a reply),getezly.com/home,calls_unanswered;delivery_quality,,cloudflare_blocked,,26,4.7,2,25,https://lorenzogutierrez.net/locations/san-francisco/,https://www.google.com/maps/place/Lorenzo+Gutierrez+Digital+Marketing+San+Francisco/data=!4m7!3m6!1s0x80858089d16fffff:0xbd4aa3b25c5ed3ee!8m2!3d37.7897312!4d-122.401906!16s%2Fg%2F11gglshjt8!19sChIJ__9v0YmAhYAR7tNeXLKjSr0?authuser=0&hl=en&rclk=1,,FALSE,,FALSE,,0,FALSE,FALSE,
D,13.05,san francisco,Unity Technologies,,,,,https://www.unity.com,"116 New Montgomery St, San Francisco, CA 94105, United States",https://www.google.com/maps/place/Unity+Technologies/data=!4m7!3m6!1s0x8085807e0f9418f3:0x7e3649eda79cc654!8m2!3d37.7871623!4d-122.4004572!16s%2Fg%2F11b6gbvw13!19sChIJ8xiUD36AhYARVMacp-1JNn4,,,,,,,,,,,,calls_unanswered,1,It's absurd that you can't contact anyone by telephone. Very unresponsive.,,2,,Ezly — AI Communication Assistant (never miss a reply),getezly.com/home,calls_unanswered,,no_email_found,,121,4.7,4,32,https://www.unity.com/,https://www.google.com/maps/place/Unity+Technologies/data=!4m7!3m6!1s0x8085807e0f9418f3:0x7e3649eda79cc654!8m2!3d37.7871623!4d-122.4004572!16s%2Fg%2F11b6gbvw13!19sChIJ8xiUD36AhYARVMacp-1JNn4?authuser=0&hl=en&rclk=1,,FALSE,,FALSE,,0,FALSE,TRUE,malformed
D,11.31,san francisco,BraytonHughes Design Studios,info@bhdstudios.com,info@bhdstudios.com;jnakagawa@dlrgroup.com;rfischbach@dlrgroup.com;towan.kim@dlrgroup.com,gosom_scraper;agent_browser_crawl;agent_browser_crawl;agent_browser_crawl,+1 415-291-8100,http://www.bhdstudios.com,"465 California St #350, San Francisco, CA 94104, United States",https://www.google.com/maps/place/BraytonHughes+Design+Studios/data=!4m7!3m6!1s0x8085807d04a51705:0x66a1d150798f76c4!8m2!3d37.7927806!4d-122.402175!16s%2Fg%2F1tlbtyw5!19sChIJBRelBH2AhYARxHaPeVDRoWY,https://www.facebook.com/BraytonHughes-Design-Studios-224645307552781/,https://www.instagram.com/braytonhughes/,https://www.linkedin.com/company/braytonhughes-design-studios,,,,,,,,,frontline_communication,1,"Just called to speak to the designer who designed the model home at the  villas at fashion island Newport Beach super luxury apartments.
He was the most rude and unprofessional business man.
I asked him if I can speak the to the designer who designed the apartments. First he said “WE ARE SUPER EXPENSIVE”
I told him fine I just would like to know how do I get the same designer. So if I can get the name of the furniture where he got them from I was going to offfer money for his services but instead he answered me, “WE DONT DO FREE SERVICES” and hung up on me.
Maybe he knows how to design but his people skills are terrible. He is not professional as a business man.
Good luck.",,1,,Ezly — AI Communication Assistant (tone + personalization),getezly.com/home,frontline_communication,,ok,,8,4.5,1,2,http://www.bhdstudios.com/,https://www.google.com/maps/place/BraytonHughes+Design+Studios/data=!4m7!3m6!1s0x8085807d04a51705:0x66a1d150798f76c4!8m2!3d37.7927806!4d-122.402175!16s%2Fg%2F1tlbtyw5!19sChIJBRelBH2AhYARxHaPeVDRoWY?authuser=0&hl=en&rclk=1,,FALSE,,FALSE,,1,FALSE,FALSE,
D,10.04,san francisco,Spiral Scout – AI Implementation & Workflow Automation,team@spiralscout.com,team@spiralscout.com,agent_browser_crawl,+1 415-903-0235,https://spiralscout.com?utm=gmb,"460 31st Ave, San Francisco, CA 94121, United States",https://www.google.com/maps/place/Spiral+Scout+%E2%80%93+AI+Implementation+%26+Workflow+Automation/data=!4m7!3m6!1s0x808580c2ace112e3:0x1a12d2c6b9ef6647!8m2!3d37.780632!4d-122.491025!16s%2Fg%2F11bwkkf81x!19sChIJ4xLhrMKAhYARR2bvucbSEho,https://www.facebook.com/SpiralScout/,,https://am.linkedin.com/in/porfenovich;https://de.linkedin.com/in/knsnika;https://www.linkedin.com/company/spiral-scout;https://www.linkedin.com/in/anna-lapitskaya-486b91133;https://www.linkedin.com/in/hannajazwinska/;https://www.linkedin.com/in/johnnygriffin;https://www.linkedin.com/in/kseniya-yuk/;https://www.linkedin.com/in/lillylo/;https://www.linkedin.com/in/lkiseleva;https://www.linkedin.com/in/nadzeya-rynkevich-47a7b9103/;https://www.linkedin.com/in/olga-chadovich;https://www.linkedin.com/in/wolfyjd,,,,,,,,John Griffin,calls_unanswered,1,"We have attempted to reach out to them multiple times for a complete W9. They are unresponsive. Poor business practice, guys.",,1,,Ezly — AI Communication Assistant (never miss a reply),getezly.com/home,calls_unanswered,,ok,,12,4.7,1,12,https://spiralscout.com/?utm=gmb,https://www.google.com/maps/place/Spiral+Scout+%E2%80%93+AI+Implementation+%26+Workflow+Automation/data=!4m7!3m6!1s0x808580c2ace112e3:0x1a12d2c6b9ef6647!8m2!3d37.780632!4d-122.491025!16s%2Fg%2F11bwkkf81x!19sChIJ4xLhrMKAhYARR2bvucbSEho?authuser=0&hl=en&rclk=1,,FALSE,,FALSE,,0,FALSE,FALSE,
D,6.64,san francisco,Jives Media,info@jivesmedia.com,info@jivesmedia.com,agent_browser_crawl,+1 650-420-7455,https://www.jivesmedia.com,"100 Van Ness Ave UNIT 2213, San Francisco, CA 94102, United States",https://www.google.com/maps/place/Jives+Media/data=!4m7!3m6!1s0x808581e9a12555c7:0xe08604aff1829972!8m2!3d37.7766427!4d-122.4192126!16s%2Fg%2F11fszhdv9s!19sChIJx1UloemBhYARcpmC8a8EhuA,https://www.facebook.com/JIVESMEDIA,https://www.instagram.com/jivesmedia/,https://www.linkedin.com/company/jivesmedia/,https://www.yelp.com/biz/jives-media-san-francisco,,https://www.youtube.com/channel/UCxGUZw6Li6nNqgmNgy3nE4w,,,,,,,0,,,,,,,,,ok,,164,5,0,159,https://www.jivesmedia.com/,https://www.google.com/maps/place/Jives+Media/data=!4m7!3m6!1s0x808581e9a12555c7:0xe08604aff1829972!8m2!3d37.7766427!4d-122.4192126!16s%2Fg%2F11fszhdv9s!19sChIJx1UloemBhYARcpmC8a8EhuA?authuser=0&hl=en&rclk=1,,FALSE,,FALSE,,0,FALSE,FALSE,
D,6.45,san francisco,Thomas Digital Web Design,,,,+1 415-548-0019,https://thomasdigital.com,"2340 Vallejo St, San Francisco, CA 94123, United States",https://www.google.com/maps/place/Thomas+Digital+Web+Design/data=!4m7!3m6!1s0x808580cffcf64b41:0x4f8709fe103174f4!8m2!3d37.795392!4d-122.435963!16s%2Fg%2F1td65jzk!19sChIJQUv2_M-AhYAR9HQxEP4Jh08,https://www.facebook.com/thomasdigitalsf,,https://www.linkedin.com/company/thomas-digital,,,,,,,,,,0,,,,,,,,,no_email_found,,141,5,0,132,https://thomasdigital.com/,https://www.google.com/maps/place/Thomas+Digital+Web+Design/data=!4m7!3m6!1s0x808580cffcf64b41:0x4f8709fe103174f4!8m2!3d37.795392!4d-122.435963!16s%2Fg%2F1td65jzk!19sChIJQUv2_M-AhYAR9HQxEP4Jh08?authuser=0&hl=en&rclk=1,,FALSE,,FALSE,,0,FALSE,FALSE,
D,5.82,san francisco,Proleadsoft,info@proleadsoft.com,info@proleadsoft.com,gosom_scraper,+1 415-723-0776,https://proleadsoft.com,"4686 18th St, San Francisco, CA 94114, United States",https://www.google.com/maps/place/Proleadsoft/data=!4m7!3m6!1s0x808f7c16d0623869:0x6ba93b637d04c231!8m2!3d37.7605507!4d-122.4431679!16s%2Fg%2F11cn926hzl!19sChIJaThi0BZ8j4ARMcIEfWM7qWs,https://www.facebook.com/Prosleadingsoftware,https://www.instagram.com/proleadsoft/,https://www.linkedin.com/company/proleadsoft/,,,,,,,,,,0,,,,,,,,,ok,,87,5,0,87,https://proleadsoft.com/,https://www.google.com/maps/place/Proleadsoft/data=!4m7!3m6!1s0x808f7c16d0623869:0x6ba93b637d04c231!8m2!3d37.7605507!4d-122.4431679!16s%2Fg%2F11cn926hzl!19sChIJaThi0BZ8j4ARMcIEfWM7qWs?authuser=0&hl=en&rclk=1,,FALSE,,FALSE,,0,FALSE,FALSE,
D,5.55,san francisco,Smack Happy Design,info@smackhappy.com,info@smackhappy.com,agent_browser_crawl,+1 415-814-5885,https://smackhappy.com,,https://www.google.com/maps/place/Smack+Happy+Design/data=!4m7!3m6!1s0x808f7e2ff9074bd5:0x5e145664bb3aa52!8m2!3d37.878638!4d-122.4203375!16s%2Fg%2F1tf6b8kn!19sChIJ1UsH-S9-j4ARUqqzS2ZF4QU,https://www.facebook.com/smackhappydesign,https://www.instagram.com/smackhappyd/,https://www.linkedin.com/company/smack-happy-design/,https://www.yelp.com/biz/smack-happy-design-san-francisco,,https://www.youtube.com/c/SmackHappyDesignLLC,,,,,,,0,,,,,,,,,ok,,71,5,0,70,https://smackhappy.com/?utm_source=gbp,https://www.google.com/maps/place/Smack+Happy+Design/data=!4m7!3m6!1s0x808f7e2ff9074bd5:0x5e145664bb3aa52!8m2!3d37.878638!4d-122.4203375!16s%2Fg%2F1tf6b8kn!19sChIJ1UsH-S9-j4ARUqqzS2ZF4QU?authuser=0&hl=en&rclk=1,,FALSE,,FALSE,,0,FALSE,FALSE,
D,5.5,san francisco,The Design Boutique = Web & SEO,laney@thedesignboutique.com,laney@thedesignboutique.com,agent_browser_crawl,+1 415-890-5934,https://www.thedesignboutique.com,"650 California St 7th floor, San Francisco, CA 94108, United States",https://www.google.com/maps/place/The+Design+Boutique+%3D+Web+%26+SEO/data=!4m7!3m6!1s0x8085808e8685cbad:0x22024cc9ab5e08c9!8m2!3d37.79281!4d-122.405239!16s%2Fg%2F1q67sjdcv!19sChIJrcuFho6AhYARyQheq8lMAiI,https://facebook.com/TheDesignBoutiqueBranding/,https://instagram.com/dsgnboutique/,,,,https://youtube.com/channel/UCoKilO6aEd1TGljfdMQxbFw,,,,,Laney Silverman,,0,,,,,,,,,ok,,68,5,0,68,https://www.thedesignboutique.com/,https://www.google.com/maps/place/The+Design+Boutique+%3D+Web+%26+SEO/data=!4m7!3m6!1s0x8085808e8685cbad:0x22024cc9ab5e08c9!8m2!3d37.79281!4d-122.405239!16s%2Fg%2F1q67sjdcv!19sChIJrcuFho6AhYARyQheq8lMAiI?authuser=0&hl=en&rclk=1,,FALSE,,FALSE,,0,FALSE,FALSE,
D,5.34,san francisco,Azumo,hello@azumo.co,hello@azumo.co,gosom_scraper,+1 415-610-7002,https://azumo.com,"50-60 Francisco St, San Francisco, CA 94133, United States",https://www.google.com/maps/place/Azumo/data=!4m7!3m6!1s0x8085805f99c269c1:0xcb86682f9f91a8ef!8m2!3d37.8060023!4d-122.4057559!16s%2Fg%2F11cjpdd6kv!19sChIJwWnCmV-AhYAR76iRny9ohss,https://www.facebook.com/azumohq/,,https://www.linkedin.com/company/azumo-llc/,,,,,,,,,,0,,,,,,,,,ok,,24,4.6,0,12,https://azumo.com/?utm_source=google&utm_medium=organic&utm_campaign=gbp_listing,https://www.google.com/maps/place/Azumo/data=!4m7!3m6!1s0x8085805f99c269c1:0xcb86682f9f91a8ef!8m2!3d37.8060023!4d-122.4057559!16s%2Fg%2F11cjpdd6kv!19sChIJwWnCmV-AhYAR76iRny9ohss?authuser=0&hl=en&rclk=1,,FALSE,,FALSE,,0,FALSE,FALSE,
D,5.23,san francisco,Razorfrog Web Design,hello@razorfrog.com,hello@razorfrog.com,gosom_scraper,+1 415-480-4587,https://razorfrog.com,"1032 Irving St #984, San Francisco, CA 94122, United States",https://www.google.com/maps/place/Razorfrog+Web+Design/data=!4m7!3m6!1s0x808580629b8d92c5:0x118feda3b8e161ff!8m2!3d37.7641274!4d-122.4691665!16s%2Fg%2F1yf_9mdt5!19sChIJxZKNm2KAhYAR_2HhuKPtjxE,https://www.facebook.com/razorfrog,https://www.instagram.com/razorfrog/,https://www.linkedin.com/company/razorfrog-web-design,https://www.yelp.com/biz/razorfrog-web-design-san-francisco,,,,,,,,,0,,,,,,,,,ok,,22,4.6,1,20,https://razorfrog.com/,https://www.google.com/maps/place/Razorfrog+Web+Design/data=!4m7!3m6!1s0x808580629b8d92c5:0x118feda3b8e161ff!8m2!3d37.7641274!4d-122.4691665!16s%2Fg%2F1yf_9mdt5!19sChIJxZKNm2KAhYAR_2HhuKPtjxE?authuser=0&hl=en&rclk=1,,FALSE,,FALSE,,0,FALSE,FALSE,
D,5.02,san francisco,Web Design Agency in San Francisco for AI and B2B companies — Lazarev.agency,hello@lazarev.agency,hello@lazarev.agency;promo@lazarev.agency;hr@lazarev.agency,gosom_scraper;gosom_scraper;gosom_scraper,+1 628-250-5204,https://www.lazarev.agency,"630 Mason St, San Francisco, CA 94108, United States",https://www.google.com/maps/place/Web+Design+Agency+in+San+Francisco+for+AI+and+B2B+companies+%E2%80%94+Lazarev.agency/data=!4m7!3m6!1s0x8085811aa226c843:0xfe2cc23c5c90f10!8m2!3d37.7894862!4d-122.4102175!16s%2Fg%2F11vq2gf7sd!19sChIJQ8gmohqBhYAREA_JxSPM4g8,https://www.facebook.com/lazarev.agency/,https://www.instagram.com/lazarev.agency/,https://www.linkedin.com/company/lazarevagency/,,,,,,,,Kyrylo Lazariev;Office Plant,,0,,,,,,,,,ok,,47,5,0,45,https://www.lazarev.agency/,https://www.google.com/maps/place/Web+Design+Agency+in+San+Francisco+for+AI+and+B2B+companies+%E2%80%94+Lazarev.agency/data=!4m7!3m6!1s0x8085811aa226c843:0xfe2cc23c5c90f10!8m2!3d37.7894862!4d-122.4102175!16s%2Fg%2F11vq2gf7sd!19sChIJQ8gmohqBhYAREA_JxSPM4g8?authuser=0&hl=en&rclk=1,,FALSE,,FALSE,,0,FALSE,FALSE,
D,4.96,san francisco,Noz Design,noz@noz.design,noz@noz.design;hello@nozdesign.com;press@nozdesign.com,gosom_scraper;agent_browser_crawl;agent_browser_crawl,+1 415-903-0330,http://nozdesign.com,"657 Fillmore St, San Francisco, CA 94117, United States",https://www.google.com/maps/place/Noz+Design/data=!4m7!3m6!1s0x808580a486ea2a95:0x6c33ebd6bc8fcc08!8m2!3d37.7756183!4d-122.4313918!16s%2Fg%2F11btx01_p5!19sChIJlSrqhqSAhYARCMyPvNbrM2w,,http://instagram.com/noznozawa;https://www.instagram.com/noznozawa/,http://www.linkedin.com/pub/noz-nozawa/1/20a/6ba;https://www.linkedin.com/in/noz-nozawa-6ba20a1,,,https://youtube.com/playlist?list=PLpi4YdMCC439_CyF_AcdIhHNZXGmejGtw&si=c3nQgjb6gG8-dYrY,,,,,,,0,,,,,,,,,ok,,45,5,0,45,http://nozdesign.com/,https://www.google.com/maps/place/Noz+Design/data=!4m7!3m6!1s0x808580a486ea2a95:0x6c33ebd6bc8fcc08!8m2!3d37.7756183!4d-122.4313918!16s%2Fg%2F11btx01_p5!19sChIJlSrqhqSAhYARCMyPvNbrM2w?authuser=0&hl=en&rclk=1,,FALSE,,FALSE,,1,FALSE,FALSE,
D,4.81,san francisco,SF Website Design,,,,+1 415-410-4995,https://sfwebsitedesign.net,"108 Cambon Dr, San Francisco, CA 94132, United States",https://www.google.com/maps/place/SF+Website+Design/data=!4m7!3m6!1s0x808f7db4ad2fbef7:0xd60ad9cbb599e62c!8m2!3d37.7171056!4d-122.4744737!16s%2Fg%2F1yfdr59fm!19sChIJ974vrbR9j4ARLOaZtcvZCtY,,,,,,,,,,,,,0,,,,,,,,,no_email_found,,40,5,0,38,https://sfwebsitedesign.net/,https://www.google.com/maps/place/SF+Website+Design/data=!4m7!3m6!1s0x808f7db4ad2fbef7:0xd60ad9cbb599e62c!8m2!3d37.7171056!4d-122.4744737!16s%2Fg%2F1yfdr59fm!19sChIJ974vrbR9j4ARLOaZtcvZCtY?authuser=0&hl=en&rclk=1,,FALSE,,FALSE,,0,FALSE,FALSE,
D,4.73,san francisco,Mayven Studios - Software Design and Development,,,,+1 800-860-9476,https://mayvenstudios.com,"156 2nd St, San Francisco, CA 94105, United States",https://www.google.com/maps/place/Mayven+Studios+-+Software+Design+and+Development/data=!4m7!3m6!1s0x8085807d2455d8e5:0xbc1d9d28623c7acf!8m2!3d37.7871104!4d-122.3991107!16s%2Fg%2F11fxv436hd!19sChIJ5dhVJH2AhYARz3o8YiidHbw,,,,,,,,,,,,,0,,,,,,,,,no_email_found,,6,4.3,0,3,https://mayvenstudios.com/,https://www.google.com/maps/place/Mayven+Studios+-+Software+Design+and+Development/data=!4m7!3m6!1s0x8085807d2455d8e5:0xbc1d9d28623c7acf!8m2!3d37.7871104!4d-122.3991107!16s%2Fg%2F11fxv436hd!19sChIJ5dhVJH2AhYARz3o8YiidHbw?authuser=0&hl=en&rclk=1,,FALSE,,FALSE,,0,FALSE,TRUE,metro_mismatch
D,4.67,san francisco,Verbsz Marketing,icon-feather-phone@2x-1.png,icon-feather-phone@2x-1.png;icon-material-mail-outline@2x-1.png;info@verbsz.com;total-wellness@2x-300x219.png;total-wellness@2x-768x561.png,agent_browser_crawl;agent_browser_crawl;agent_browser_crawl;agent_browser_crawl;agent_browser_crawl,+1 571-303-9090,https://www.verbszmarketing.com/san-francisco-digital-marketing-agency,"50 California St Suite 1500, San Francisco, CA 94111, United States",https://www.google.com/maps/place/Verbsz+Marketing/data=!4m7!3m6!1s0x67633e43e5778291:0xc2d2af7b0d0d22d0!8m2!3d37.7939571!4d-122.3997819!16s%2Fg%2F11sb373mwf!19sChIJkYJ35UM-Y2cR0CINDXuv0sI,https://www.facebook.com/verbszmarketing,https://www.instagram.com/verbsz.marketing/,https://www.linkedin.com/in/charis-gullage/;https://www.linkedin.com/in/imsubinjoseph/;https://www.linkedin.com/in/rachel-lucado/;https://www.linkedin.com/in/saranyabalasubramaniam/;https://www.linkedin.com/in/sreekanth-saseendran/;https://www.linkedin.com/in/thejushekar/;https://www.linkedin.com/showcase/verbsz-marketing/,,,https://www.youtube.com/@verbszmarketing,,,,,,,0,,,,,,,,,ok,,36,5,0,33,https://www.verbszmarketing.com/san-francisco-digital-marketing-agency/,https://www.google.com/maps/place/Verbsz+Marketing/data=!4m7!3m6!1s0x67633e43e5778291:0xc2d2af7b0d0d22d0!8m2!3d37.7939571!4d-122.3997819!16s%2Fg%2F11sb373mwf!19sChIJkYJ35UM-Y2cR0CINDXuv0sI?authuser=0&hl=en&rclk=1,,FALSE,,FALSE,,0,FALSE,TRUE,metro_mismatch
D,4.63,san francisco,Jeff Schlarb Design Studio,info@jeffschlarb.com,info@jeffschlarb.com;jobs@jeffschlarb.com,gosom_scraper;agent_browser_crawl,+1 415-295-4567,https://www.jeffschlarb.com,"3524 Sacramento St, San Francisco, CA 94118, United States",https://www.google.com/maps/place/Jeff+Schlarb+Design+Studio/data=!4m7!3m6!1s0x808f7e36acb7be83:0xba9f4d4c8212bc58!8m2!3d37.7878936!4d-122.4508178!16s%2Fg%2F11g6qv2bhm!19sChIJg763rDZ-j4ARWLwSgkxNn7o,https://www.facebook.com/Jeff-Schlarb-Design-Studio-109880437400454;https://www.facebook.com/jeffschlarbdesign,https://www.instagram.com/jeffschlarb/,https://www.linkedin.com/in/jeff-schlarb-5373875/,,,,,,,,,,0,,,,,,,,,ok,,35,5,0,33,https://www.jeffschlarb.com/,https://www.google.com/maps/place/Jeff+Schlarb+Design+Studio/data=!4m7!3m6!1s0x808f7e36acb7be83:0xba9f4d4c8212bc58!8m2!3d37.7878936!4d-122.4508178!16s%2Fg%2F11g6qv2bhm!19sChIJg763rDZ-j4ARWLwSgkxNn7o?authuser=0&hl=en&rclk=1,,FALSE,,FALSE,,0,FALSE,FALSE,
D,4.54,san francisco,TekRevol - Mobile App Development Company in San Francisco,info@tekrevol.com,info@tekrevol.com,gosom_scraper,+1 415-226-1313,https://www.tekrevol.com/award-winning-san-francisco-mobile-app-development,"45 Tehama St, San Francisco, CA 94105, United States",https://www.google.com/maps/place/TekRevol+-+Mobile+App+Development+Company+in+San+Francisco/data=!4m7!3m6!1s0x808581f68baca9fd:0xf002041047cf99dc!8m2!3d37.7871074!4d-122.396404!16s%2Fg%2F11hgfy97j1!19sChIJ_amsi_aBhYAR3JnPRxAEAvA,https://www.facebook.com/TekRevolOfficial/,https://www.instagram.com/tekrevol/,https://www.linkedin.com/company/tekrevol/,,,https://www.youtube.com/channel/UCuweDx9zWc2ket4n4QLUbNQ,,,,,,,0,,,,,,,,,ok,,7,4.4,0,6,https://www.tekrevol.com/award-winning-san-francisco-mobile-app-development?utm_source=google&utm_medium=gmb-san-francisco&utm_campaign=gmb-organic,https://www.google.com/maps/place/TekRevol+-+Mobile+App+Development+Company+in+San+Francisco/data=!4m7!3m6!1s0x808581f68baca9fd:0xf002041047cf99dc!8m2!3d37.7871074!4d-122.396404!16s%2Fg%2F11hgfy97j1!19sChIJ_amsi_aBhYAR3JnPRxAEAvA?authuser=0&hl=en&rclk=1,,FALSE,,FALSE,,0,FALSE,FALSE,
D,4.52,san francisco,RiseOpp GEO & SEO Agency,,,,,https://riseopp.com,"450 Townsend St, San Francisco, CA 94107, United States",https://www.google.com/maps/place/RiseOpp+GEO+%26+SEO+Agency/data=!4m7!3m6!1s0x808f7f0649e53365:0xcb816792b04cd573!8m2!3d37.774656!4d-122.3986313!16s%2Fg%2F11sjfqzfpj!19sChIJZTPlSQZ_j4ARc9VMsJJngcs,https://www.facebook.com/RiseOppAgency,,https://www.linkedin.com/company/riseopp-inc,,,,,,,,,,0,,,,,,,,,no_email_found,,32,5,0,32,https://riseopp.com/,https://www.google.com/maps/place/RiseOpp+GEO+%26+SEO+Agency/data=!4m7!3m6!1s0x808f7f0649e53365:0xcb816792b04cd573!8m2!3d37.774656!4d-122.3986313!16s%2Fg%2F11sjfqzfpj!19sChIJZTPlSQZ_j4ARc9VMsJJngcs?authuser=0&hl=en&rclk=1,,FALSE,,FALSE,,0,FALSE,TRUE,malformed
D,4.49,san francisco,Clay,hey@clay.global,hey@clay.global,gosom_scraper,+1 415-796-6262,http://clay.global,"300 Broadway #23, San Francisco, CA 94133, United States",https://www.google.com/maps/place/Clay/data=!4m7!3m6!1s0x808580f575b0973b:0xa19d6ce2815aa46d!8m2!3d37.7986979!4d-122.4026677!16s%2Fg%2F11cs25k0cm!19sChIJO5ewdfWAhYARbaRageJsnaE,https://www.facebook.com/claydesignstudio/,https://www.instagram.com/clayglobal/,https://www.linkedin.com/company/clayglobal/,,,,,,,,,,0,,,,,,,,,ok,,23,4.8,0,15,http://clay.global/,https://www.google.com/maps/place/Clay/data=!4m7!3m6!1s0x808580f575b0973b:0xa19d6ce2815aa46d!8m2!3d37.7986979!4d-122.4026677!16s%2Fg%2F11cs25k0cm!19sChIJO5ewdfWAhYARbaRageJsnaE?authuser=0&hl=en&rclk=1,,FALSE,,FALSE,,0,FALSE,FALSE,
D,4.43,san francisco,Startercode - Web Design | Development | Digital Marketing,startercode.dev@gmail.com,startercode.dev@gmail.com,agent_browser_crawl,+1 415-309-7270,https://startercode.dev,"41 Vernon St, San Francisco, CA 94132, United States",https://www.google.com/maps/place/Startercode+-+Web+Design+%7C+Development+%7C+Digital+Marketing/data=!4m7!3m6!1s0xa44eaab739caf8db:0xf0d97360adae1288!8m2!3d37.713293!4d-122.4682418!16s%2Fg%2F11k46vmtyr!19sChIJ2_jKObeqTqQRiBKurWBz2fA,,https://www.instagram.com/ronaldthecoder/,,https://www.yelp.com/biz/startercode-san-francisco-4?osq=startercode&override_cta=Request+a+consultation,https://www.tiktok.com/@ronaldthecoder,,,,,,,,0,,,,,,,,,ok,,30,5,0,30,https://startercode.dev/,https://www.google.com/maps/place/Startercode+-+Web+Design+%7C+Development+%7C+Digital+Marketing/data=!4m7!3m6!1s0xa44eaab739caf8db:0xf0d97360adae1288!8m2!3d37.713293!4d-122.4682418!16s%2Fg%2F11k46vmtyr!19sChIJ2_jKObeqTqQRiBKurWBz2fA?authuser=0&hl=en&rclk=1,,FALSE,,FALSE,,0,FALSE,FALSE,
D,4.33,san francisco,Avenue Code,,,,+1 800-465-8929,http://www.avenuecode.com,"26 O'Farrell St, San Francisco, CA 94108, United States",https://www.google.com/maps/place/Avenue+Code/data=!4m7!3m6!1s0x8085808a69384abb:0xcb2c0cd2481b8cce!8m2!3d37.7869368!4d-122.4055448!16s%2Fg%2F1q62dmg6k!19sChIJu0o4aYqAhYARzowbSNIMLMs,https://www.facebook.com/airevolutioncompany/,https://www.instagram.com/aircompany.ai/,https://www.linkedin.com/company/airevolutioncompany/,,,,,,,,,,0,,,,,,,,,no_email_found,,15,4.7,0,3,http://www.avenuecode.com/,https://www.google.com/maps/place/Avenue+Code/data=!4m7!3m6!1s0x8085808a69384abb:0xcb2c0cd2481b8cce!8m2!3d37.7869368!4d-122.4055448!16s%2Fg%2F1q62dmg6k!19sChIJu0o4aYqAhYARzowbSNIMLMs?authuser=0&hl=en&rclk=1,,FALSE,,FALSE,,0,FALSE,TRUE,metro_mismatch
D,4.2,san francisco,Code Calibre | Website Design | Web Development | eCommerce Development | App Development | Digital Marketing | San Francisco,sales@codecalibre.com,sales@codecalibre.com;hr@codecalibre.com;info@codecalibre.com,gosom_scraper;gosom_scraper;agent_browser_crawl,+1 804-554-3001,https://www.codecalibre.com,"100 Pine St #1250, San Francisco, CA 94111, United States",https://www.google.com/maps/place/Code+Calibre+%7C+Website+Design+%7C+Web+Development+%7C+eCommerce+Development+%7C+App+Development+%7C+Digital+Marketing+%7C+San+Francisco/data=!4m7!3m6!1s0x8085817802a7026b:0x72e95b90d92cd104!8m2!3d37.792903!4d-122.4009678!16s%2Fg%2F11y5hzvn07!19sChIJawKnAniBhYARBNEs2ZBb6XI,https://www.facebook.com/codecalibre/,https://www.instagram.com/code_calibre/,https://www.linkedin.com/company/code-calibre/,,,,,,,,,,0,,,,,,,,,ok,,10,4.6,1,10,https://www.codecalibre.com/,https://www.google.com/maps/place/Code+Calibre+%7C+Website+Design+%7C+Web+Development+%7C+eCommerce+Development+%7C+App+Development+%7C+Digital+Marketing+%7C+San+Francisco/data=!4m7!3m6!1s0x8085817802a7026b:0x72e95b90d92cd104!8m2!3d37.792903!4d-122.4009678!16s%2Fg%2F11y5hzvn07!19sChIJawKnAniBhYARBNEs2ZBb6XI?authuser=0&hl=en&rclk=1,,FALSE,,FALSE,,0,FALSE,TRUE,metro_mismatch
D,4.19,san francisco,ArcTouch,,,,+1 415-944-2000,https://arctouch.com,"548 Market St, San Francisco, CA 94104, United States",https://www.google.com/maps/place/ArcTouch/data=!4m7!3m6!1s0x808580788badbc07:0xc304ba9780d3eb71!8m2!3d37.7898578!4d-122.400983!16s%2Fg%2F1td2zpgl!19sChIJB7yti3iAhYARcevTgJe6BMM,,,,,,,,,,,,,0,,,,,,,,,no_email_found,,25,5,0,12,https://arctouch.com/,https://www.google.com/maps/place/ArcTouch/data=!4m7!3m6!1s0x808580788badbc07:0xc304ba9780d3eb71!8m2!3d37.7898578!4d-122.400983!16s%2Fg%2F1td2zpgl!19sChIJB7yti3iAhYARcevTgJe6BMM?authuser=0&hl=en&rclk=1,,FALSE,,FALSE,,0,FALSE,FALSE,
D,4.19,san francisco,IDF Studio,hello@idfstudio.com,hello@idfstudio.com,agent_browser_crawl,+1 415-829-3444,http://www.idfstudio.com,"2193 Fillmore St, San Francisco, CA 94115, United States",https://www.google.com/maps/place/IDF+Studio/data=!4m7!3m6!1s0x808581cc6c57fa0b:0xcc767ead2cacc710!8m2!3d37.789636!4d-122.4342676!16s%2Fg%2F11kpkmbcr9!19sChIJC_pXbMyBhYAREMesLK1-dsw,https://www.facebook.com/idfstudio/,https://www.instagram.com/idfstudio_sf/,,https://www.yelp.com/biz/idf-studio-mill-valley?osq=IDF+Studio&sort_by=date_desc#reviews,,,,,,,,,0,,,,,,,,,ok,,25,5,0,25,http://www.idfstudio.com/,https://www.google.com/maps/place/IDF+Studio/data=!4m7!3m6!1s0x808581cc6c57fa0b:0xcc767ead2cacc710!8m2!3d37.789636!4d-122.4342676!16s%2Fg%2F11kpkmbcr9!19sChIJC_pXbMyBhYAREMesLK1-dsw?authuser=0&hl=en&rclk=1,,FALSE,,FALSE,,1,FALSE,FALSE,
D,4.17,san francisco,SFWP - San Francisco Web Design Agency,SFWP-logo-1@1x-1.svg,SFWP-logo-1@1x-1.svg;dev@sfwpexperts.com,gosom_scraper;agent_browser_crawl,+1 415-481-3385,https://www.sfwpexperts.com,"353 Kearny St, San Francisco, CA 94108, United States",https://www.google.com/maps/place/SFWP+-+San+Francisco+Web+Design+Agency/data=!4m7!3m6!1s0x8085813497598333:0x64dd64ea148cd98d!8m2!3d37.7917603!4d-122.404193!16s%2Fg%2F11f8klb7rb!19sChIJM4NZlzSBhYARjdmMFOpk3WQ,https://www.facebook.com/sfwpexperts/,https://www.instagram.com/sfwpexperts/,,,,,,,,,,,0,,,,,,,,,ok,,18,4.8,1,15,https://www.sfwpexperts.com/,https://www.google.com/maps/place/SFWP+-+San+Francisco+Web+Design+Agency/data=!4m7!3m6!1s0x8085813497598333:0x64dd64ea148cd98d!8m2!3d37.7917603!4d-122.404193!16s%2Fg%2F11f8klb7rb!19sChIJM4NZlzSBhYARjdmMFOpk3WQ?authuser=0&hl=en&rclk=1,,FALSE,,FALSE,,0,FALSE,FALSE,
D,4.14,san francisco,Charly Agency,hello@charlyagency.com,hello@charlyagency.com,agent_browser_crawl,,http://charlyagency.com,"166 Geary St Ste 1500 #1787, San Francisco, CA 94108, United States",https://www.google.com/maps/place/Charly+Agency/data=!4m7!3m6!1s0x808f7f38d2b252f1:0xe57e4a9c6e685950!8m2!3d37.7877458!4d-122.4061143!16s%2Fg%2F11qptlnvdg!19sChIJ8VKy0jh_j4ARUFlobpxKfuU,,,https://www.linkedin.com/company/charlyagency/;https://www.linkedin.com/in/lunasantiago/,,,,,,,,,,0,,,,,,,,,ok,,24,5,0,22,http://charlyagency.com/,https://www.google.com/maps/place/Charly+Agency/data=!4m7!3m6!1s0x808f7f38d2b252f1:0xe57e4a9c6e685950!8m2!3d37.7877458!4d-122.4061143!16s%2Fg%2F11qptlnvdg!19sChIJ8VKy0jh_j4ARUFlobpxKfuU?authuser=0&hl=en&rclk=1,,FALSE,,FALSE,,0,FALSE,TRUE,malformed
D,4.09,san francisco,"Infintech Designs - New York Web Design, SEO, & Digital Marketing Company",,,,+1 929-214-4946,https://www.infintechdesigns.com/locations/new-york-city-digital-marketing-agency,,"https://www.google.com/maps/place/Infintech+Designs+-+New+York+Web+Design,+SEO,+%26+Digital+Marketing+Company/data=!4m7!3m6!1s0x808f7e2def1c8d93:0xba348e85a93c5d52!8m2!3d36.227996!4d-82.040324!16s%2Fg%2F1hc102q76!19sChIJk40c7y1-j4ARUl08qYWONLo",https://www.facebook.com/infintech/,https://www.instagram.com/infintech.designs/,https://www.linkedin.com/company/infintechdesigns/,,,,,,,,,,0,,,,,,,,,no_email_found,,23,5,0,23,https://www.infintechdesigns.com/locations/new-york-city-digital-marketing-agency/?utm_source=gbp&utm_medium=gbph&utm_campaign=newyork,"https://www.google.com/maps/place/Infintech+Designs+-+New+York+Web+Design,+SEO,+%26+Digital+Marketing+Company/data=!4m7!3m6!1s0x808f7e2def1c8d93:0xba348e85a93c5d52!8m2!3d36.227996!4d-82.040324!16s%2Fg%2F1hc102q76!19sChIJk40c7y1-j4ARUl08qYWONLo?authuser=0&hl=en&rclk=1",,FALSE,,FALSE,,0,FALSE,TRUE,metro_mismatch
D,4.09,san francisco,ABD STUDIO,info@abd-studio.com,info@abd-studio.com;press@abd-studio.com,gosom_scraper;gosom_scraper,+1 415-489-0410,http://www.abd-studio.com,"2418 Polk St, San Francisco, CA 94109, United States",https://www.google.com/maps/place/ABD+STUDIO/data=!4m7!3m6!1s0x8085815607181963:0x84104b8a1d25e343!8m2!3d37.7991132!4d-122.4222948!16s%2Fg%2F11j0cw0309!19sChIJYxkYB1aBhYARQ-MlHYpLEIQ,,https://www.instagram.com/abd_studio/,,,,,,,,,,,0,,,,,,,,,ok,,17,4.8,0,16,http://www.abd-studio.com/,https://www.google.com/maps/place/ABD+STUDIO/data=!4m7!3m6!1s0x8085815607181963:0x84104b8a1d25e343!8m2!3d37.7991132!4d-122.4222948!16s%2Fg%2F11j0cw0309!19sChIJYxkYB1aBhYARQ-MlHYpLEIQ?authuser=0&hl=en&rclk=1,,FALSE,,FALSE,,1,FALSE,FALSE,
D,3.97,san francisco,Cyrusson Inc,info@Cyrusson.com,info@Cyrusson.com;info@cyrusson.com,gosom_scraper,+1 415-228-9969,http://www.cyrusson.com,"1630 S Delaware St #5533, San Mateo, CA 94402, United States",https://www.google.com/maps/place/Cyrusson+Inc/data=!4m7!3m6!1s0x808f7fe7a7b5162b:0xce397d3d6d937583!8m2!3d37.5551241!4d-122.3149182!16s%2Fg%2F11hds7r7g8!19sChIJKxa1p-d_j4ARg3WTbT19Oc4,https://www.facebook.com/Cyrusson.inc,https://www.instagram.com/cyrusson.inc/,https://www.linkedin.com/company/cyrusson,https://www.yelp.com/biz/cyrusson-san-francisco,,https://www.youtube.com/channel/UCpVRNDBhbjD-c-nzM4eQ_-A,,,,,Md Abu Jubaer Piash;Tirth Bodawala;Kyra Leonard;Tomal A.;DONOVAN ALLEN;Spring H.;Alex Maltez;Deepak Soni;Abhishek Mishra;Priyanshu Rajput;Rishabh rana;Bruce D.;Mike Leong;MANOJ CHAOHAN;Kamal ROr;Management Business Partners;Gaurav Singh;Erika Pedraza;Canan Domez;Pauline Myers;Aegis Wealth,,0,,,,,,,,,ok,,21,5,0,21,http://www.cyrusson.com/,https://www.google.com/maps/place/Cyrusson+Inc/data=!4m7!3m6!1s0x808f7fe7a7b5162b:0xce397d3d6d937583!8m2!3d37.5551241!4d-122.3149182!16s%2Fg%2F11hds7r7g8!19sChIJKxa1p-d_j4ARg3WTbT19Oc4?authuser=0&hl=en&rclk=1,,FALSE,,FALSE,,0,FALSE,FALSE,
D,3.91,san francisco,Appstem,careers@appstem.com,careers@appstem.com;hello@appstem.com;sales@appstem.com,agent_browser_crawl;agent_browser_crawl;agent_browser_crawl,+1 415-956-7400,https://appstem.com,"133 Kearny St #202, San Francisco, CA 94108, United States",https://www.google.com/maps/place/Appstem/data=!4m7!3m6!1s0x80dc072e34f40607:0x66a6068feb841ab4!8m2!3d37.7892453!4d-122.4040346!16s%2Fg%2F1262jsm9x!19sChIJBwb0NC4H3IARtBqE648GpmY,https://www.facebook.com/appstemmedia,https://www.instagram.com/appstem,https://www.linkedin.com/company/appstem-media-llc/,,,,,,,,,,0,,,,,,,,,ok,,8,4.6,0,5,https://appstem.com/?utm_source=GMB&utm_medium=Organic&utm_campaign=GMB&utm_id=GMB,https://www.google.com/maps/place/Appstem/data=!4m7!3m6!1s0x80dc072e34f40607:0x66a6068feb841ab4!8m2!3d37.7892453!4d-122.4040346!16s%2Fg%2F1262jsm9x!19sChIJBwb0NC4H3IARtBqE648GpmY?authuser=0&hl=en&rclk=1,,FALSE,,FALSE,,0,FALSE,FALSE,
D,3.9,san francisco,Panalo.co Business Process Services,,,,,https://www.panalo.co,"447 Sutter St #405, San Francisco, CA 94108, United States",https://www.google.com/maps/place/Panalo.co+Business+Process+Services/data=!4m7!3m6!1s0x808fa31aebf40f07:0x303b9d3facd6624d!8m2!3d37.789047!4d-122.407946!16s%2Fg%2F11fy2gby_q!19sChIJBw_06xqjj4ARTWLWrD-dOzA,,,,,,,,,,,,,0,,,,,,,,,cloudflare_blocked,,20,5,0,19,https://www.panalo.co/,https://www.google.com/maps/place/Panalo.co+Business+Process+Services/data=!4m7!3m6!1s0x808fa31aebf40f07:0x303b9d3facd6624d!8m2!3d37.789047!4d-122.407946!16s%2Fg%2F11fy2gby_q!19sChIJBw_06xqjj4ARTWLWrD-dOzA?authuser=0&hl=en&rclk=1,,FALSE,,FALSE,,0,FALSE,TRUE,malformed
D,3.9,san francisco,Stackmatix,,,,+1 415-993-9077,http://www.stackmatix.com,"181 2nd St, San Francisco, CA 94105, United States",https://www.google.com/maps/place/Stackmatix/data=!4m7!3m6!1s0x80858176997e4945:0x970ff274904f1bae!8m2!3d37.7875591!4d-122.3990183!16s%2Fg%2F11g2vxkyxm!19sChIJRUl-mXaBhYARrhtPkHTyD5c,,,,,,,,,,,Gur Singh;Luke Wilson;Leslie Tyler;Lindy Singer;Patrick Thomas;Sean Doherty;Kamran Shirazi;Asaf Amit;Luis Perez;Joe Guo;Ela Lasić Shea,,0,,,,,,,,,no_email_found,,20,5,0,20,http://www.stackmatix.com/,https://www.google.com/maps/place/Stackmatix/data=!4m7!3m6!1s0x80858176997e4945:0x970ff274904f1bae!8m2!3d37.7875591!4d-122.3990183!16s%2Fg%2F11g2vxkyxm!19sChIJRUl-mXaBhYARrhtPkHTyD5c?authuser=0&hl=en&rclk=1,,FALSE,,FALSE,,0,FALSE,FALSE,
D,3.84,san francisco,Nova Era - Web Design & Digital Solutions Agency,info@novaeraagency.com,info@novaeraagency.com,agent_browser_crawl,+1 224-382-3415,https://novaeraagency.com,"201 Spear St Suite 1168, San Francisco, CA 94105, United States",https://www.google.com/maps/place/Nova+Era+-+Web+Design+%26+Digital+Solutions+Agency/data=!4m7!3m6!1s0x2b406f2a43d34199:0x5d449c08934034c1!8m2!3d37.7912629!4d-122.3920152!16s%2Fg%2F11yj4vcdpy!19sChIJmUHTQypvQCsRwTRAkwicRF0,,http://instagram.com/novaeragency/,https://www.linkedin.com/company/novaeragency,,,,,,,,,,0,,,,,,,,,ok,,19,5,0,17,https://novaeraagency.com/,https://www.google.com/maps/place/Nova+Era+-+Web+Design+%26+Digital+Solutions+Agency/data=!4m7!3m6!1s0x2b406f2a43d34199:0x5d449c08934034c1!8m2!3d37.7912629!4d-122.3920152!16s%2Fg%2F11yj4vcdpy!19sChIJmUHTQypvQCsRwTRAkwicRF0?authuser=0&hl=en&rclk=1,,FALSE,,FALSE,,0,FALSE,TRUE,metro_mismatch
D,3.84,san francisco,Onmove Digital Agency,,,,,https://onmoveagency.com,"315 Montgomery St 10th Floor, San Francisco, CA 94104, United States",https://www.google.com/maps/place/Onmove+Digital+Agency/data=!4m7!3m6!1s0x808581c25c4c3ec3:0xd1886c7559e5031c!8m2!3d37.7920879!4d-122.4032249!16s%2Fg%2F11vz26xh76!19sChIJwz5MXMKBhYARHAPlWXVsiNE,https://www.facebook.com/onmoveaustralia/,https://www.instagram.com/onmovedigital/,https://www.linkedin.com/company/onmoveaustralia/about/,,,,,,,,,,0,,,,,,,,,no_email_found,,19,5,0,19,https://onmoveagency.com/,https://www.google.com/maps/place/Onmove+Digital+Agency/data=!4m7!3m6!1s0x808581c25c4c3ec3:0xd1886c7559e5031c!8m2!3d37.7920879!4d-122.4032249!16s%2Fg%2F11vz26xh76!19sChIJwz5MXMKBhYARHAPlWXVsiNE?authuser=0&hl=en&rclk=1,,FALSE,,FALSE,,0,FALSE,TRUE,malformed
D,3.74,san francisco,Industrial Craft Design Studio,,,,+1 415-946-1254,,"605 Florida St, San Francisco, CA 94110, United States",https://www.google.com/maps/place/Industrial+Craft+Design+Studio/data=!4m7!3m6!1s0x808f7fdb47fc5541:0xd3a0d701d045ab11!8m2!3d37.7614329!4d-122.4109191!16s%2Fg%2F11qppzgcd0!19sChIJQVX8R9t_j4AREatF0AHXoNM,,,,,,,,,,,,,0,,,,,,,,,,,7,4.6,1,5,,https://www.google.com/maps/place/Industrial+Craft+Design+Studio/data=!4m7!3m6!1s0x808f7fdb47fc5541:0xd3a0d701d045ab11!8m2!3d37.7614329!4d-122.4109191!16s%2Fg%2F11qppzgcd0!19sChIJQVX8R9t_j4AREatF0AHXoNM?authuser=0&hl=en&rclk=1,,FALSE,,FALSE,,0,FALSE,FALSE,
D,3.69,san francisco,Kegan Quimby Web Design & Development,,,,+1 603-969-5781,https://keganquimby.com,"1885 Mission St, San Francisco, CA 94103, United States",https://www.google.com/maps/place/Kegan+Quimby+Web+Design+%26+Development/data=!4m7!3m6!1s0x808580869b74bcdf:0xb160399ada177fc!8m2!3d37.766891!4d-122.419513!16s%2Fg%2F1hhwdb_dz!19sChIJ37x0m4aAhYAR_HehrZkDFgs,,,,,,,,,,,Kegan Quimby Web Design LLC,,0,,,,,,,,,no_email_found,,17,5,0,17,https://keganquimby.com/,https://www.google.com/maps/place/Kegan+Quimby+Web+Design+%26+Development/data=!4m7!3m6!1s0x808580869b74bcdf:0xb160399ada177fc!8m2!3d37.766891!4d-122.419513!16s%2Fg%2F1hhwdb_dz!19sChIJ37x0m4aAhYAR_HehrZkDFgs?authuser=0&hl=en&rclk=1,,FALSE,,FALSE,,0,FALSE,TRUE,metro_mismatch
D,3.69,san francisco,RY Digital Marketing,info@rydigital.us,info@rydigital.us,gosom_scraper,+1 415-294-0308,https://rydigital.us,"580 California St 12th Floor, San Francisco, CA 94104, United States",https://www.google.com/maps/place/RY+Digital+Marketing/data=!4m7!3m6!1s0xa5acdd0f3076491d:0x987acb83d94bc728!8m2!3d37.7928364!4d-122.4041572!16s%2Fg%2F11rtw1251h!19sChIJHUl2MA_drKURKMdL2YPLepg,,,,,,,,,,,,,0,,,,,,,,,ok,,17,5,0,15,https://rydigital.us/,https://www.google.com/maps/place/RY+Digital+Marketing/data=!4m7!3m6!1s0xa5acdd0f3076491d:0x987acb83d94bc728!8m2!3d37.7928364!4d-122.4041572!16s%2Fg%2F11rtw1251h!19sChIJHUl2MA_drKURKMdL2YPLepg?authuser=0&hl=en&rclk=1,,FALSE,,FALSE,,0,FALSE,FALSE,
D,3.69,san francisco,SPRITZ Marketing,info@spritzsf.com,info@spritzsf.com;bangalore@spritzsf.com;paris@spritzsf.com;london@spritzsf.com,gosom_scraper;gosom_scraper;gosom_scraper;agent_browser_crawl,+1 415-221-2875,https://spritzsf.com,"9 Hemway Terrace, San Francisco, CA 94117, United States",https://www.google.com/maps/place/SPRITZ+Marketing/data=!4m7!3m6!1s0x808580f762800415:0x2b8c564a36e9e28c!8m2!3d37.77581!4d-122.448414!16s%2Fg%2F1tdks0cj!19sChIJFQSAYveAhYARjOLpNkpWjCs,https://www.facebook.com/SpritzSF?ref=ts,https://www.instagram.com/spritzsf/,https://www.linkedin.com/company/1350785?trk=vsrp_companies_res_pri_act&trkInfo=VSRPsearchId%3A1792032651368653469632%2CVSRPtargetId%3A1350785%2CVSRPcmpt%3Aprimary,,,,,,,,,,0,,,,,,,,,ok,,17,5,0,14,https://spritzsf.com/?utm_source=google&utm_medium=gmb&utm_campaign=organic,https://www.google.com/maps/place/SPRITZ+Marketing/data=!4m7!3m6!1s0x808580f762800415:0x2b8c564a36e9e28c!8m2!3d37.77581!4d-122.448414!16s%2Fg%2F1tdks0cj!19sChIJFQSAYveAhYARjOLpNkpWjCs?authuser=0&hl=en&rclk=1,,FALSE,,FALSE,,0,FALSE,FALSE,
D,3.61,san francisco,Magnified Media - San Francisco,info@magnifiedmedia.net,info@magnifiedmedia.net,gosom_scraper,+1 415-489-0890,https://www.magnifiedmedia.net/san-francisco-website-designer,"100 Pine St #1250, San Francisco, CA 94111, United States",https://www.google.com/maps/place/Magnified+Media+-+San+Francisco/data=!4m7!3m6!1s0x808581944294bd3f:0x880df9f1325f449d!8m2!3d37.792903!4d-122.4009678!16s%2Fg%2F11qpyjrkxr!19sChIJP72UQpSBhYARnURfMvH5DYg,https://www.facebook.com/MagnifiedMediaInc/;https://www.facebook.com/MagnifiedMediaInc/reviews,https://www.instagram.com/magnified_media/,https://www.linkedin.com/company/magnified-media-inc/,https://www.yelp.com/biz/magnified-media-walnut-creek;https://www.yelp.com/biz/magnified-media-walnut-creek?sort_by=date_desc;https://www.yelp.com/not_recommended_reviews/magnified-media-walnut-creek,,https://www.youtube.com/channel/UC5tfw_16FwM-5FJr85KYucQ,,,,,,,0,,,,,,,,,ok,,16,5,0,16,,https://www.google.com/maps/place/Magnified+Media+-+San+Francisco/data=!4m7!3m6!1s0x808581944294bd3f:0x880df9f1325f449d!8m2!3d37.792903!4d-122.4009678!16s%2Fg%2F11qpyjrkxr!19sChIJP72UQpSBhYARnURfMvH5DYg?authuser=0&hl=en&rclk=1,,FALSE,,FALSE,,0,FALSE,FALSE,
D,3.53,san francisco,DPDK - Brand innovation agency for the bold,,,,+1 718-782-4050,https://dpdk.com/contact/brand-innovation-agency-san-francisco,"44 Tehama St, San Francisco, CA 94105, United States",https://www.google.com/maps/place/DPDK+-+Brand+innovation+agency+for+the+bold/data=!4m7!3m6!1s0x808581f9f76af513:0xaa34e0621b1ff409!8m2!3d37.7876372!4d-122.3967284!16s%2Fg%2F11hzk57x7z!19sChIJE_Vq9_mBhYARCfQfG2LgNKo,https://www.facebook.com/dpdknl;https://www.facebook.com/policy.php/,https://www.instagram.com/dpdk_digital/,https://www.linkedin.com/company/dpdkdigitalagency/;https://www.linkedin.com/in/michaelvromans/;https://www.linkedin.com/in/pauljosephusjitta/;https://www.linkedin.com/in/pimvanhelten/;https://www.linkedin.com/legal/privacy-policy,,,,,,,,,,0,,,,,,,,,no_email_found,,15,5,0,12,https://dpdk.com/contact/brand-innovation-agency-san-francisco?utm_source=google&utm_medium=my-business&utm_campaign=sanfrancisco,https://www.google.com/maps/place/DPDK+-+Brand+innovation+agency+for+the+bold/data=!4m7!3m6!1s0x808581f9f76af513:0xaa34e0621b1ff409!8m2!3d37.7876372!4d-122.3967284!16s%2Fg%2F11hzk57x7z!19sChIJE_Vq9_mBhYARCfQfG2LgNKo?authuser=0&hl=en&rclk=1,,FALSE,,FALSE,,0,FALSE,TRUE,metro_mismatch
D,3.44,san francisco,EAG Studio - SAN FRANCISCO,,,,+1 415-300-0585,http://www.eagstudio.com,"1553 Folsom St, San Francisco, CA 94103, United States",https://www.google.com/maps/place/EAG+Studio+-+SAN+FRANCISCO/data=!4m7!3m6!1s0x808580c5ed851bcf:0x3c62e4aa390fe068!8m2!3d37.7711765!4d-122.4144878!16s%2Fg%2F1tfbccv1!19sChIJzxuF7cWAhYARaOAPOarkYjw,https://www.facebook.com/EAGstudio,https://www.instagram.com/eagstudiosf/,,,,,,,,,,,0,,,,,,,,,no_email_found,,14,5,0,13,http://www.eagstudio.com/,https://www.google.com/maps/place/EAG+Studio+-+SAN+FRANCISCO/data=!4m7!3m6!1s0x808580c5ed851bcf:0x3c62e4aa390fe068!8m2!3d37.7711765!4d-122.4144878!16s%2Fg%2F1tfbccv1!19sChIJzxuF7cWAhYARaOAPOarkYjw?authuser=0&hl=en&rclk=1,,FALSE,,FALSE,,1,FALSE,FALSE,
D,3.44,san francisco,Studio Goldfinch,hello@studiogoldfinch.com,hello@studiogoldfinch.com;mayo@studiogoldfinch.com,gosom_scraper;agent_browser_crawl,+1 415-283-8523,https://www.studiogoldfinch.com,"1395 Wallace Ave, San Francisco, CA 94124, United States",https://www.google.com/maps/place/Studio+Goldfinch/data=!4m7!3m6!1s0x808f7f1298985acf:0xaf5d7d3b7171aae0!8m2!3d37.7248562!4d-122.3871248!16s%2Fg%2F11lbsql_6m!19sChIJz1qYmBJ_j4AR4KpxcTt9Xa8,,http://instagram.com/studiogoldfinch;http://www.instagram.com/studiogoldfinch,,,,,,,,,,,0,,,,,,,,,ok,,14,5,0,13,https://www.studiogoldfinch.com/,https://www.google.com/maps/place/Studio+Goldfinch/data=!4m7!3m6!1s0x808f7f1298985acf:0xaf5d7d3b7171aae0!8m2!3d37.7248562!4d-122.3871248!16s%2Fg%2F11lbsql_6m!19sChIJz1qYmBJ_j4AR4KpxcTt9Xa8?authuser=0&hl=en&rclk=1,,FALSE,,FALSE,,0,FALSE,FALSE,
D,3.41,san francisco,Y Studios,hello@ystudios.com,hello@ystudios.com,gosom_scraper,+1 415-863-3623,https://ystudios.com,"424 Treat Ave suite b, San Francisco, CA 94110, United States",https://www.google.com/maps/place/Y+Studios/data=!4m7!3m6!1s0x808f7e2e9422a8a5:0x622997cf5e693c5!8m2!3d37.7624738!4d-122.4126754!16s%2Fg%2F1thf8szg!19sChIJpagilC5-j4ARxZPm9XyZIgY,https://www.facebook.com/ystudiosSF,https://www.instagram.com/ystudiossf/,https://www.linkedin.com/company/ystudiossf,,,,,,,,,,0,,,,,,,,,ok,,4,4.5,0,0,https://ystudios.com/,https://www.google.com/maps/place/Y+Studios/data=!4m7!3m6!1s0x808f7e2e9422a8a5:0x622997cf5e693c5!8m2!3d37.7624738!4d-122.4126754!16s%2Fg%2F1thf8szg!19sChIJpagilC5-j4ARxZPm9XyZIgY?authuser=0&hl=en&rclk=1,,FALSE,,FALSE,,1,FALSE,FALSE,
D,3.4,san francisco,SDLC Corp,,,,+1 510-630-6507,https://www.sdlcorp.com,"166 Geary St #15F, San Francisco, CA 94108, United States",https://www.google.com/maps/place/SDLC+Corp/data=!4m7!3m6!1s0x80858091fb73a697:0x66df96ce5909c472!8m2!3d37.7879199!4d-122.4061468!16s%2Fg%2F11rghpzyfd!19sChIJl6Zz-5GAhYARcsQJWc6W32Y,,,,,,,,,,,,,0,,,,,,,,,no_email_found,,10,4.8,1,4,https://www.sdlcorp.com/,https://www.google.com/maps/place/SDLC+Corp/data=!4m7!3m6!1s0x80858091fb73a697:0x66df96ce5909c472!8m2!3d37.7879199!4d-122.4061468!16s%2Fg%2F11rghpzyfd!19sChIJl6Zz-5GAhYARcsQJWc6W32Y?authuser=0&hl=en&rclk=1,,FALSE,,FALSE,,0,FALSE,FALSE,
D,3.24,san francisco,HelloAri Web Development,,,,+1 415-621-4268,https://www.helloari.com,"16 Abbey St, San Francisco, CA 94114, United States",https://www.google.com/maps/place/HelloAri+Web+Development/data=!4m7!3m6!1s0x808f7e1918dfde11:0xdf311ff3b10eedc!8m2!3d37.7635787!4d-122.4274059!16s%2Fg%2F1th0n3yb!19sChIJEd7fGBl-j4AR3O4QO_8R8w0,https://www.facebook.com/pages/HelloARI-Design/130560977009648,https://instagram.com/arisalomonart,http://www.linkedin.com/in/helloari,https://www.yelp.com/biz/helloari-design-san-francisco,,,,,,,,,0,,,,,,,,,no_email_found,,12,5,0,12,https://www.helloari.com/,https://www.google.com/maps/place/HelloAri+Web+Development/data=!4m7!3m6!1s0x808f7e1918dfde11:0xdf311ff3b10eedc!8m2!3d37.7635787!4d-122.4274059!16s%2Fg%2F1th0n3yb!19sChIJEd7fGBl-j4AR3O4QO_8R8w0?authuser=0&hl=en&rclk=1,,FALSE,,FALSE,,0,FALSE,FALSE,
D,3.24,san francisco,"Web, Mobile App development company in San Francisco | White Digital",hello@white-digital.com,hello@white-digital.com,gosom_scraper,,https://www.white-digital.com,"3388 17th St, San Francisco, CA 94110, United States","https://www.google.com/maps/place/Web,+Mobile+App+development+company+in+San+Francisco+%7C+White+Digital/data=!4m7!3m6!1s0x808f7f61b7b70a69:0x42a56c923ea1daed!8m2!3d37.7636042!4d-122.421062!16s%2Fg%2F11xs1nrqs5!19sChIJaQq3t2F_j4AR7dqhPpJspUI",https://www.facebook.com/webflow/,https://www.instagram.com/webflowapp/,https://www.linkedin.com/company/developers.org.ua/;https://www.linkedin.com/company/white-digitall;https://www.linkedin.com/company/white-digitall/;https://www.linkedin.com/in/oleksandr-chipak-587282243/;https://www.linkedin.com/in/oxndr/,,,,,,,,,,0,,,,,,,,,ok,,12,5,0,0,https://www.white-digital.com/,"https://www.google.com/maps/place/Web,+Mobile+App+development+company+in+San+Francisco+%7C+White+Digital/data=!4m7!3m6!1s0x808f7f61b7b70a69:0x42a56c923ea1daed!8m2!3d37.7636042!4d-122.421062!16s%2Fg%2F11xs1nrqs5!19sChIJaQq3t2F_j4AR7dqhPpJspUI?authuser=0&hl=en&rclk=1",,FALSE,,FALSE,,0,FALSE,TRUE,malformed
D,3.24,san francisco,"Trango Tech San Francisco, CA - Mobile App Development Company",,,,+1 833-442-2270,https://trangotech.com/mobile/app-development-san-francisco,"37 Mission St floor 415, San Francisco, CA 94105, United States","https://www.google.com/maps/place/Trango+Tech+San+Francisco,+CA+-+Mobile+App+Development+Company/data=!4m7!3m6!1s0x808581fb02b991bd:0xa8e2b7befa035c3e!8m2!3d37.7927489!4d-122.3928237!16s%2Fg%2F11vbg5dtg2!19sChIJvZG5AvuBhYARPlwD-r634qg",,,,,,,,,,,,,0,,,,,,,,,no_email_found,,12,5,0,12,https://trangotech.com/mobile/app-development-san-francisco/?utm_source=san-francisco+gmb&utm_id=gmb&utm_term=gmb-organic,"https://www.google.com/maps/place/Trango+Tech+San+Francisco,+CA+-+Mobile+App+Development+Company/data=!4m7!3m6!1s0x808581fb02b991bd:0xa8e2b7befa035c3e!8m2!3d37.7927489!4d-122.3928237!16s%2Fg%2F11vbg5dtg2!19sChIJvZG5AvuBhYARPlwD-r634qg?authuser=0&hl=en&rclk=1",,FALSE,,FALSE,,1,FALSE,TRUE,metro_mismatch
D,3.24,san francisco,Synergy Labs - Mobile App and Software Developers Agency in San Francisco,hello@synergylabs.co,hello@synergylabs.co,gosom_scraper,+1 645-444-1069,https://www.synergylabs.co/locations/san-francisco,"600 California St, San Francisco, CA 94108, United States",https://www.google.com/maps/place/Synergy+Labs+-+Mobile+App+and+Software+Developers+Agency+in+San+Francisco/data=!4m7!3m6!1s0x8085818c31e1ce6d:0x78becf5649e072bf!8m2!3d37.7929158!4d-122.4046905!16s%2Fg%2F11wv09b90r!19sChIJbc7hMYyBhYARv3LgSVbPvng,,,https://www.linkedin.com/company/synergy-labs-agency/,,,,,,,,,,0,,,,,,,,,ok,,12,5,0,12,https://www.synergylabs.co/locations/san-francisco?source=google-maps,https://www.google.com/maps/place/Synergy+Labs+-+Mobile+App+and+Software+Developers+Agency+in+San+Francisco/data=!4m7!3m6!1s0x8085818c31e1ce6d:0x78becf5649e072bf!8m2!3d37.7929158!4d-122.4046905!16s%2Fg%2F11wv09b90r!19sChIJbc7hMYyBhYARv3LgSVbPvng?authuser=0&hl=en&rclk=1,,FALSE,,FALSE,,1,FALSE,TRUE,metro_mismatch
D,3.24,san francisco,6S Digital Marketing Agency,info@6sdigital.com,info@6sdigital.com;team@6sdigital.com,agent_browser_crawl;agent_browser_crawl,+1 415-870-2278,http://www.6sdigital.com,"88 Howard St #2300, San Francisco, CA 94105, United States",https://www.google.com/maps/place/6S+Digital+Marketing+Agency/data=!4m7!3m6!1s0x808580651008ba59:0x243effa1adce82bd!8m2!3d37.7917443!4d-122.3921955!16s%2Fg%2F11dxl9k405!19sChIJWboIEGWAhYARvYLOraH_PiQ,https://www.facebook.com/people/6S-Digital/61566608694050/,,https://www.linkedin.com/company/6s-digital/,,,,,,,,,,0,,,,,,,,,ok,,12,5,0,9,http://www.6sdigital.com/,https://www.google.com/maps/place/6S+Digital+Marketing+Agency/data=!4m7!3m6!1s0x808580651008ba59:0x243effa1adce82bd!8m2!3d37.7917443!4d-122.3921955!16s%2Fg%2F11dxl9k405!19sChIJWboIEGWAhYARvYLOraH_PiQ?authuser=0&hl=en&rclk=1,,FALSE,,FALSE,,0,FALSE,FALSE,
D,3.12,san francisco,STUDIO BANAA,info@studiobanaa.com,info@studiobanaa.com,gosom_scraper,+1 415-610-8100,https://www.studiobanaa.com,"2169 Folsom St, San Francisco, CA 94110, United States",https://www.google.com/maps/place/STUDIO+BANAA/data=!4m7!3m6!1s0x808f7e284f0f05db:0xae13c8ec422b2170!8m2!3d37.7628754!4d-122.4147229!16s%2Fg%2F11d_8tcnlv!19sChIJ2wUPTyh-j4ARcCErQuzIE64,https://www.facebook.com/studiobanaa,https://www.instagram.com/studio_banaa/,https://www.linkedin.com/company/studiobanaa/about/,,,,,,,,,,0,,,,,,,,,ok,,11,5,0,9,https://www.studiobanaa.com/,https://www.google.com/maps/place/STUDIO+BANAA/data=!4m7!3m6!1s0x808f7e284f0f05db:0xae13c8ec422b2170!8m2!3d37.7628754!4d-122.4147229!16s%2Fg%2F11d_8tcnlv!19sChIJ2wUPTyh-j4ARcCErQuzIE64?authuser=0&hl=en&rclk=1,,FALSE,,FALSE,,0,FALSE,FALSE,
D,3.0,san francisco,Studio O+A,hello@o-plus-a.com,hello@o-plus-a.com,agent_browser_crawl,+1 415-908-1880,http://www.o-plus-a.com,"452 Tehama St, San Francisco, CA 94103, United States",https://www.google.com/maps/place/Studio+O%2BA/data=!4m7!3m6!1s0x808580814eeb2ab5:0xe7a3c42fea3b848d!8m2!3d37.7800659!4d-122.4059234!16s%2Fg%2F1tdc5fy7!19sChIJtSrrToGAhYARjYQ76i_Eo-c,https://www.facebook.com/pages/Studio-Oa/76353306742,https://instagram.com/o_plus_a/,,,,,,,,,,,0,,,,,,,,,ok,,10,5,0,2,http://www.o-plus-a.com/,https://www.google.com/maps/place/Studio+O%2BA/data=!4m7!3m6!1s0x808580814eeb2ab5:0xe7a3c42fea3b848d!8m2!3d37.7800659!4d-122.4059234!16s%2Fg%2F1tdc5fy7!19sChIJtSrrToGAhYARjYQ76i_Eo-c?authuser=0&hl=en&rclk=1,,FALSE,,FALSE,,0,FALSE,FALSE,
D,2.71,san francisco,TechGropse San Francisco - Mobile App Development Company | App Developer | Application Development,info@techgropse.com,info@techgropse.com,gosom_scraper,+1 267-327-4760,https://www.techgropse.com/mobile-app-development-company-san-francisco,"580 California St, San Francisco, CA 94104, United States",https://www.google.com/maps/place/TechGropse+San+Francisco+-+Mobile+App+Development+Company+%7C+App+Developer+%7C+Application+Development/data=!4m7!3m6!1s0x80858196a51921b9:0xc137ec0dc674fb81!8m2!3d37.792802!4d-122.4046128!16s%2Fg%2F11xdrhcq7t!19sChIJuSEZpZaBhYARgft0xg3sN8E,https://www.facebook.com/techgropse/,https://www.instagram.com/techgropse/,https://www.linkedin.com/company/techgropse/,,,https://www.youtube.com/@techgropse,,,,,Vernon Smith;Abdullah Jedan;PayPal Integration;Razorpay Integration,,0,,,,,,,,,ok,,8,5,0,8,,https://www.google.com/maps/place/TechGropse+San+Francisco+-+Mobile+App+Development+Company+%7C+App+Developer+%7C+Application+Development/data=!4m7!3m6!1s0x80858196a51921b9:0xc137ec0dc674fb81!8m2!3d37.792802!4d-122.4046128!16s%2Fg%2F11xdrhcq7t!19sChIJuSEZpZaBhYARgft0xg3sN8E?authuser=0&hl=en&rclk=1,,FALSE,,FALSE,,0,FALSE,TRUE,metro_mismatch
D,2.54,san francisco,Software Orca - Mobile App Development Company in San Francisco,hello@softwareorca.com,hello@softwareorca.com,gosom_scraper,+1 469-949-6356,https://www.softwareorca.com/mobile-application-development-san-francisco,"37 Mission St floor 415, San Francisco, CA 94105, United States",https://www.google.com/maps/place/Software+Orca+-+Mobile+App+Development+Company+in+San+Francisco/data=!4m7!3m6!1s0x8085812e57bb8421:0xea7e4740c884dd56!8m2!3d37.7927489!4d-122.3928237!16s%2Fg%2F11xtn56jkt!19sChIJIYS7Vy6BhYARVt2EyEBHfuo,https://www.facebook.com/people/Software-Orca/61576247173487/,https://www.instagram.com/software_orca/,https://www.linkedin.com/company/software-orca/,,,,,,,,,,0,,,,,,,,,ok,,7,5,0,7,https://www.softwareorca.com/mobile-application-development-san-francisco/,https://www.google.com/maps/place/Software+Orca+-+Mobile+App+Development+Company+in+San+Francisco/data=!4m7!3m6!1s0x8085812e57bb8421:0xea7e4740c884dd56!8m2!3d37.7927489!4d-122.3928237!16s%2Fg%2F11xtn56jkt!19sChIJIYS7Vy6BhYARVt2EyEBHfuo?authuser=0&hl=en&rclk=1,,FALSE,,FALSE,,0,FALSE,TRUE,metro_mismatch
D,2.33,san francisco,"AI, IoT Consulting & Offshore Software Development Company in the USA",hr@fusioninformatics.com,hr@fusioninformatics.com;inquiry@fusioninformatics.com;sales@fusioninformatics.com,agent_browser_crawl;agent_browser_crawl;agent_browser_crawl,,https://www.fusioninformatics.com,"75 Broadway #202, San Francisco, CA 94111, United States","https://www.google.com/maps/place/AI,+IoT+Consulting+%26+Offshore+Software+Development+Company+in+the+USA/data=!4m7!3m6!1s0x8085805fb7b42793:0xff4e070bc14b8613!8m2!3d37.7986717!4d-122.3991052!16s%2Fg%2F11gdkr0mr_!19sChIJkye0t1-AhYARE4ZLwQsHTv8",https://www.facebook.com/fusioninformatics/,https://www.instagram.com/fusioninformatics/,https://www.linkedin.com/company/fusion-informatics-pvt.-ltd./,,,https://www.youtube.com/channel/UCpkHOi7hEglPDB-9p5Aa1aQ,,,,,,,0,,,,,,,,,ok,,6,5,0,4,https://www.fusioninformatics.com/,"https://www.google.com/maps/place/AI,+IoT+Consulting+%26+Offshore+Software+Development+Company+in+the+USA/data=!4m7!3m6!1s0x8085805fb7b42793:0xff4e070bc14b8613!8m2!3d37.7986717!4d-122.3991052!16s%2Fg%2F11gdkr0mr_!19sChIJkye0t1-AhYARE4ZLwQsHTv8?authuser=0&hl=en&rclk=1",,FALSE,,FALSE,,0,FALSE,TRUE,malformed
D,2.21,san francisco,Website Design Company San Francisco - UIDesignz,contact@uidesignz.com,contact@uidesignz.com,gosom_scraper,+1 323-522-5370,https://www.uidesignz.com/website-design-company,"18 Bartol St unit 924, San Francisco, CA 94133, United States",https://www.google.com/maps/place/Website+Design+Company+San+Francisco+-+UIDesignz/data=!4m7!3m6!1s0x8085814c108d35dd:0xb82d6364e6269ba2!8m2!3d37.7979307!4d-122.4033221!16s%2Fg%2F11vwzbdf8x!19sChIJ3TWNEEyBhYARopsm5mRjLbg,https://www.facebook.com/people/UIDesignz/100088356167409/,https://www.instagram.com/uidesignzla/,https://www.linkedin.com/company/uidesignz/;https://www.linkedin.com/in/faheem-mehdi;https://www.linkedin.com/in/faseehali;https://www.linkedin.com/in/huzaifa-afraz;https://www.linkedin.com/in/mubeen-uiuxdesigner/;https://www.linkedin.com/in/muhammad-arslan-194371215;https://www.linkedin.com/in/noor-fatimah-9777ba249,,,,,,,,Nick Carlos,,0,,,,,,,,,ok,,4,4.8,0,4,,https://www.google.com/maps/place/Website+Design+Company+San+Francisco+-+UIDesignz/data=!4m7!3m6!1s0x8085814c108d35dd:0xb82d6364e6269ba2!8m2!3d37.7979307!4d-122.4033221!16s%2Fg%2F11vwzbdf8x!19sChIJ3TWNEEyBhYARopsm5mRjLbg?authuser=0&hl=en&rclk=1,,FALSE,,FALSE,,0,FALSE,TRUE,metro_mismatch
D,2.1,san francisco,Veewz Digital Marketing,,,,+1 415-275-0064,https://www.veewz.com,"95 3rd St 2nd Floor, San Francisco, CA 94103, United States",https://www.google.com/maps/place/Veewz+Digital+Marketing/data=!4m7!3m6!1s0x8085818a3c45c471:0x8b288661603e36b6!8m2!3d37.7866019!4d-122.4021831!16s%2Fg%2F11sfbs88f0!19sChIJccRFPIqBhYARtjY-YGGGKIs,https://www.facebook.com/veewz,https://www.instagram.com/VeewzMarketing/,https://www.linkedin.com/company/veewz,,,,,,,,,,0,,,,,,,,,no_email_found,,5,5,0,3,https://www.veewz.com/,https://www.google.com/maps/place/Veewz+Digital+Marketing/data=!4m7!3m6!1s0x8085818a3c45c471:0x8b288661603e36b6!8m2!3d37.7866019!4d-122.4021831!16s%2Fg%2F11sfbs88f0!19sChIJccRFPIqBhYARtjY-YGGGKIs?authuser=0&hl=en&rclk=1,,FALSE,,FALSE,,0,FALSE,FALSE,
D,2.1,san francisco,SunBreak Digital Agency,,,,+1 510-761-8190,,"1040 Folsom St, San Francisco, CA 94103, United States",https://www.google.com/maps/place/SunBreak+Digital+Agency/data=!4m7!3m6!1s0x808581cf61e3eed1:0x2abc27b6da1cfcfc!8m2!3d37.7779632!4d-122.4067073!16s%2Fg%2F11svdfrkm_!19sChIJ0e7jYc-BhYAR_Pwc2rYnvCo,,,,,,,,,,,,,0,,,,,,,,,,,5,5,0,4,,https://www.google.com/maps/place/SunBreak+Digital+Agency/data=!4m7!3m6!1s0x808581cf61e3eed1:0x2abc27b6da1cfcfc!8m2!3d37.7779632!4d-122.4067073!16s%2Fg%2F11svdfrkm_!19sChIJ0e7jYc-BhYAR_Pwc2rYnvCo?authuser=0&hl=en&rclk=1,,FALSE,,FALSE,,0,FALSE,FALSE,
D,2.1,san francisco,Breathe Design Studio,christine@breathedesignstudio.com,christine@breathedesignstudio.com;hello@breathedesignstudio.com,gosom_scraper;agent_browser_crawl,+1 512-994-0350,https://www.breathedesignstudio.com/san-francisco-modern-interior-designers,"2193 Fillmore St, San Francisco, CA 94115, United States",https://www.google.com/maps/place/Breathe+Design+Studio/data=!4m7!3m6!1s0xa8a6184bdfa322a9:0xe4f05da02ddce1da!8m2!3d37.789636!4d-122.4342676!16s%2Fg%2F11y_k4pl0s!19sChIJqSKj30sYpqgR2uHcLaBd8OQ,https://www.facebook.com/breathedesignstudio,https://www.instagram.com/breathedesign/,,,,,,,,,,,0,,,,,,,,,ok,,5,5,0,5,,https://www.google.com/maps/place/Breathe+Design+Studio/data=!4m7!3m6!1s0xa8a6184bdfa322a9:0xe4f05da02ddce1da!8m2!3d37.789636!4d-122.4342676!16s%2Fg%2F11y_k4pl0s!19sChIJqSKj30sYpqgR2uHcLaBd8OQ?authuser=0&hl=en&rclk=1,,FALSE,,FALSE,,1,FALSE,TRUE,metro_mismatch
D,2.1,san francisco,Terapolis Design Studio,,,,,https://terapolis.pro,,https://www.google.com/maps/place/Terapolis+Design+Studio/data=!4m7!3m6!1s0x45008ff9eb79e559:0x9a10540f532ef846!8m2!3d37.878638!4d-122.4203375!16s%2Fg%2F11z07nvs44!19sChIJWeV56_mPAEURRvguUw9UEJo,https://www.facebook.com/people/Terapolis-Design-Studio/61578767274844/,https://www.instagram.com/terapolis/,,https://www.yelp.com/biz/terapolis-san-francisco,,,,,,,,,0,,,,,,,,,no_email_found,,5,5,0,5,https://terapolis.pro/,https://www.google.com/maps/place/Terapolis+Design+Studio/data=!4m7!3m6!1s0x45008ff9eb79e559:0x9a10540f532ef846!8m2!3d37.878638!4d-122.4203375!16s%2Fg%2F11z07nvs44!19sChIJWeV56_mPAEURRvguUw9UEJo?authuser=0&hl=en&rclk=1,,FALSE,,FALSE,,0,FALSE,TRUE,malformed
D,1.81,san francisco,Vs. Creative Studio,hello@hellyesvs.com,hello@hellyesvs.com,agent_browser_crawl,,http://www.hellyesvs.com,"476 Tehama St Unit B, San Francisco, CA 94103, United States",https://www.google.com/maps/place/Vs.+Creative+Studio/data=!4m7!3m6!1s0x8085817efb2c53e3:0x7bda96843b0dd7ac!8m2!3d37.7798388!4d-122.4061763!16s%2Fg%2F11t6j9xkvn!19sChIJ41Ms-36BhYARrNcNO4SW2ns,,https://www.instagram.com/hellyesvs,https://www.linkedin.com/company/vs-creative,,,,,,,,,,0,,,,,,,,,ok,,4,5,0,4,http://www.hellyesvs.com/,https://www.google.com/maps/place/Vs.+Creative+Studio/data=!4m7!3m6!1s0x8085817efb2c53e3:0x7bda96843b0dd7ac!8m2!3d37.7798388!4d-122.4061763!16s%2Fg%2F11t6j9xkvn!19sChIJ41Ms-36BhYARrNcNO4SW2ns?authuser=0&hl=en&rclk=1,,FALSE,,FALSE,,0,FALSE,TRUE,malformed
D,1.43,san francisco,Vention - Software Development Company,hello@ventionteams.com,hello@ventionteams.com;vendors.partnership@ventionteams.com;careers@ventionteams.com,gosom_scraper;gosom_scraper;gosom_scraper,+1 718-374-5043,https://ventionteams.com,"650 California St, San Francisco, CA 94108, United States",https://www.google.com/maps/place/Vention+-+Software+Development+Company/data=!4m7!3m6!1s0x8085814c5096147b:0xdd5fa4c8d0a9e33!8m2!3d37.7927763!4d-122.4050972!16s%2Fg%2F11p12rdhm6!19sChIJexSWUEyBhYARM54KjUz61Q0,https://www.facebook.com/policy.php/,https://www.instagram.com/ventionteams/,https://www.linkedin.com/company/ventionteams/;https://www.linkedin.com/legal/privacy-policy,,,https://www.youtube.com/@VentionTeams,,,,,Paul Steckler;Attia Jamil;Benjamin Maisano;Pavel Khankevich;Gianni Martire;Ken Apple,,0,,,,,,,,,ok,,3,5,0,2,https://ventionteams.com/?utm_source=google&utm_medium=organic&utm_campaign=gbp-sf,https://www.google.com/maps/place/Vention+-+Software+Development+Company/data=!4m7!3m6!1s0x8085814c5096147b:0xdd5fa4c8d0a9e33!8m2!3d37.7927763!4d-122.4050972!16s%2Fg%2F11p12rdhm6!19sChIJexSWUEyBhYARM54KjUz61Q0?authuser=0&hl=en&rclk=1,,FALSE,,FALSE,,0,FALSE,TRUE,metro_mismatch
D,0.9,san francisco,Jordan Digital Marketing,,,,+1 415-857-5473,https://www.jordandigitalmarketing.com,"1875 Mission St # 103, San Francisco, CA 94103, United States",https://www.google.com/maps/place/Jordan+Digital+Marketing/data=!4m7!3m6!1s0x808f8731b529cbd1:0x85647c2d768de45a!8m2!3d37.7671013!4d-122.4194461!16s%2Fg%2F11hbghj9gb!19sChIJ0csptTGHj4ARWuSNdi18ZIU,,,https://www.linkedin.com/company/jordan-digital-marketing/,,,,,,,,,,0,,,,,,,,,no_email_found,,2,5,0,0,https://www.jordandigitalmarketing.com/,https://www.google.com/maps/place/Jordan+Digital+Marketing/data=!4m7!3m6!1s0x808f8731b529cbd1:0x85647c2d768de45a!8m2!3d37.7671013!4d-122.4194461!16s%2Fg%2F11hbghj9gb!19sChIJ0csptTGHj4ARWuSNdi18ZIU?authuser=0&hl=en&rclk=1,,FALSE,,FALSE,,0,FALSE,FALSE,
D,0.9,san francisco,Iron Creative,luke@ironcreative.com,luke@ironcreative.com;matt@ironcreative.com,agent_browser_crawl;agent_browser_crawl,+1 415-227-9975,http://www.ironcreative.com,"120 2nd St Floor 3, San Francisco, CA 94105, United States",https://www.google.com/maps/place/Iron+Creative/data=!4m7!3m6!1s0x8085807d32f36815:0xdfa5567bc814c655!8m2!3d37.7875275!4d-122.3996362!16s%2Fg%2F1tgdtc9r!19sChIJFWjzMn2AhYARVcYUyHtWpd8,,https://www.instagram.com/ironcreative/,https://www.linkedin.com/company/ironcreative/,,,,,,,,,,0,,,,,,,,,ok,,2,5,0,1,http://www.ironcreative.com/,https://www.google.com/maps/place/Iron+Creative/data=!4m7!3m6!1s0x8085807d32f36815:0xdfa5567bc814c655!8m2!3d37.7875275!4d-122.3996362!16s%2Fg%2F1tgdtc9r!19sChIJFWjzMn2AhYARVcYUyHtWpd8?authuser=0&hl=en&rclk=1,,FALSE,,FALSE,,0,FALSE,FALSE,
D,0.9,san francisco,AppVerticals - Mobile app development company San Francisco,info@appverticals.com,info@appverticals.com,gosom_scraper,+1 833-888-2433,https://www.appverticals.com/mobile-app-development-san-francisco,"40 Havenside Dr, San Francisco, CA 94132, United States",https://www.google.com/maps/place/AppVerticals+-+Mobile+app+development+company+San+Francisco/data=!4m7!3m6!1s0x808f7dde70039051:0xc20f28f16923d92d!8m2!3d37.7320902!4d-122.489772!16s%2Fg%2F11z11wrvkc!19sChIJUZADcN59j4ARLdkjafEoD8I,https://www.facebook.com/appverticals.dallas,https://www.instagram.com/app_verticals/,https://www.linkedin.com/company/app-verticals/,,,https://www.youtube.com/@appverticals,,,,,,,0,,,,,,,,,ok,,2,5,0,2,https://www.appverticals.com/mobile-app-development-san-francisco?utm_source=Google+My+Business+Addison&utm_medium=Visitors&utm_campaign=Google+My+Business+Addison&utm_id=UTM+GMB+landing,https://www.google.com/maps/place/AppVerticals+-+Mobile+app+development+company+San+Francisco/data=!4m7!3m6!1s0x808f7dde70039051:0xc20f28f16923d92d!8m2!3d37.7320902!4d-122.489772!16s%2Fg%2F11z11wrvkc!19sChIJUZADcN59j4ARLdkjafEoD8I?authuser=0&hl=en&rclk=1,,FALSE,,FALSE,,0,FALSE,TRUE,metro_mismatch
D,0.9,san francisco,Appicoders | App Development Company San Francisco,info@appicoders.com,info@appicoders.com;info@appiocders.com,gosom_scraper;agent_browser_crawl,+1 771-249-8390,https://appicoders.com/mobile-app-development-in-san-francisco,"1700 Montgomery St Suite 108, San Francisco, CA 94111, United States",https://www.google.com/maps/place/Appicoders+%7C+App+Development+Company+San+Francisco/data=!4m7!3m6!1s0x808581ebf80d677b:0xba4b2d6e88f5ab11!8m2!3d37.8053239!4d-122.4049448!16s%2Fg%2F11z3m44p4f!19sChIJe2cN-OuBhYAREav1iG4tS7o,https://www.facebook.com/AppicodersInc,,https://www.linkedin.com/company/appicoders-inc-global/?viewAsMember=true,,,,,,,,,,0,,,,,,,,,ok,,2,5,0,2,,https://www.google.com/maps/place/Appicoders+%7C+App+Development+Company+San+Francisco/data=!4m7!3m6!1s0x808581ebf80d677b:0xba4b2d6e88f5ab11!8m2!3d37.8053239!4d-122.4049448!16s%2Fg%2F11z3m44p4f!19sChIJe2cN-OuBhYAREav1iG4tS7o?authuser=0&hl=en&rclk=1,,FALSE,,FALSE,,0,FALSE,TRUE,metro_mismatch
D,0.9,san francisco,ARMOUR ARCHITECTURE,info@armourarchitecture.com,info@armourarchitecture.com;lisa@davisgonthier.com;media@armourarchitecture.com,agent_browser_crawl;agent_browser_crawl;agent_browser_crawl,+1 415-440-2880,http://www.armourarchitecture.com,"498 Haight St, San Francisco, CA 94117, United States",https://www.google.com/maps/place/ARMOUR+ARCHITECTURE/data=!4m7!3m6!1s0x808580daddf9d047:0x29aecb190e58fc25!8m2!3d37.772339!4d-122.430339!16s%2Fg%2F1hc598byw!19sChIJR9D53dqAhYARJfxYDhnLrik,,https://www.instagram.com/armourarchitecture/,https://www.linkedin.com/company/armour-architecture/,,,,,,,,,,0,,,,,,,,,ok,,2,5,0,0,http://www.armourarchitecture.com/,https://www.google.com/maps/place/ARMOUR+ARCHITECTURE/data=!4m7!3m6!1s0x808580daddf9d047:0x29aecb190e58fc25!8m2!3d37.772339!4d-122.430339!16s%2Fg%2F1hc598byw!19sChIJR9D53dqAhYARJfxYDhnLrik?authuser=0&hl=en&rclk=1,,FALSE,,FALSE,,0,FALSE,FALSE,
D,0.9,san francisco,DesignStudio San Francisco,,,,+1 415-796-0359,https://design.studio,"9 Decatur St, San Francisco, CA 94103, United States",https://www.google.com/maps/place/DesignStudio+San+Francisco/data=!4m7!3m6!1s0x808f7e2bea1962c7:0xa04cd4d5e16db4ed!8m2!3d37.7726303!4d-122.406132!16s%2Fg%2F11b5_03ln8!19sChIJx2IZ6it-j4AR7bRt4dXUTKA,,,,,,,,,,,,,0,,,,,,,,,no_email_found,,2,5,0,0,https://design.studio/,https://www.google.com/maps/place/DesignStudio+San+Francisco/data=!4m7!3m6!1s0x808f7e2bea1962c7:0xa04cd4d5e16db4ed!8m2!3d37.7726303!4d-122.406132!16s%2Fg%2F11b5_03ln8!19sChIJx2IZ6it-j4AR7bRt4dXUTKA?authuser=0&hl=en&rclk=1,,FALSE,,FALSE,,0,FALSE,FALSE,
D,0.0,san francisco,VoxturrLabs - Award Winning Digital Transformation Agency,,,,+1 415-513-0045,https://www.voxturrlabs.com,"71 Stevenson St, San Francisco, CA 94109, United States",https://www.google.com/maps/place/VoxturrLabs+-+Award+Winning+Digital+Transformation+Agency/data=!4m7!3m6!1s0x8085810993ffc93d:0x49543d0c12daaf91!8m2!3d37.7890841!4d-122.4001359!16s%2Fg%2F11sgh_vn37!19sChIJPcn_kwmBhYARka_aEgw9VEk,,https://www.instagram.com/voxturr.marketing/,https://www.linkedin.com/company/voxturrlabs,,,,,,,,,,0,,,,,,,,,no_email_found,,1,5,0,0,https://www.voxturrlabs.com/,https://www.google.com/maps/place/VoxturrLabs+-+Award+Winning+Digital+Transformation+Agency/data=!4m7!3m6!1s0x8085810993ffc93d:0x49543d0c12daaf91!8m2!3d37.7890841!4d-122.4001359!16s%2Fg%2F11sgh_vn37!19sChIJPcn_kwmBhYARka_aEgw9VEk?authuser=0&hl=en&rclk=1,,FALSE,,FALSE,,0,FALSE,FALSE,
D,0.0,san francisco,"Kodexo Labs San Francisco - AI, Custom Software and Mobile App Development Company San Francisco",contact@kodexolabs.com,contact@kodexolabs.com,gosom_scraper,+1 415-498-1329,https://kodexolabs.com/locations/mobile-app-development-san-francisco,"535 Mission St 14th floor, San Francisco, CA 94105, United States","https://www.google.com/maps/place/Kodexo+Labs+San+Francisco+-+AI,+Custom+Software+and+Mobile+App+Development+Company+San+Francisco/data=!4m7!3m6!1s0x808581b6131bcf7b:0x100013637d82c130!8m2!3d37.788891!4d-122.3981!16s%2Fg%2F11ygn4rg0r!19sChIJe88bE7aBhYARMMGCfWMTABA",https://www.facebook.com/kodexolabs,https://www.instagram.com/kodexolabs/,https://www.linkedin.com/company/kodexolabs/;https://www.linkedin.com/in/hammad-siraj/;https://www.linkedin.com/in/muhammad-hanzala/,,,,,,,,Hammad Siraj;Muhammad Hanzala,,0,,,,,,,,,ok,,1,5,0,1,https://kodexolabs.com/locations/mobile-app-development-san-francisco/,"https://www.google.com/maps/place/Kodexo+Labs+San+Francisco+-+AI,+Custom+Software+and+Mobile+App+Development+Company+San+Francisco/data=!4m7!3m6!1s0x808581b6131bcf7b:0x100013637d82c130!8m2!3d37.788891!4d-122.3981!16s%2Fg%2F11ygn4rg0r!19sChIJe88bE7aBhYARMMGCfWMTABA?authuser=0&hl=en&rclk=1",,FALSE,,FALSE,,0,FALSE,FALSE,
D,0.0,san francisco,Studio 20 Design,dan@studio20designsf.com,dan@studio20designsf.com,gosom_scraper,+1 415-589-0960,http://studio20designsf.com,"2408 Folsom St suite b, San Francisco, CA 94110, United States",https://www.google.com/maps/place/Studio+20+Design/data=!4m7!3m6!1s0x808f7e39851075f3:0xa816026b7c269068!8m2!3d37.7586726!4d-122.4150037!16s%2Fg%2F11gbx4tsbx!19sChIJ83UQhTl-j4ARaJAmfGsCFqg,,http://instagram.com/studio20design,https://www.linkedin.com/profile/view?id=AAoAAAMBKeMBGmdlM-NMz5mV4CgU3smIrkjOX08&authType=name&authToken=klz-&trk=api*a114053*s122546*,,,,,,,,,,0,,,,,,,,,ok,,1,5,0,0,http://studio20designsf.com/,https://www.google.com/maps/place/Studio+20+Design/data=!4m7!3m6!1s0x808f7e39851075f3:0xa816026b7c269068!8m2!3d37.7586726!4d-122.4150037!16s%2Fg%2F11gbx4tsbx!19sChIJ83UQhTl-j4ARaJAmfGsCFqg?authuser=0&hl=en&rclk=1,,FALSE,,FALSE,,1,FALSE,FALSE,
D,0.0,san francisco,Studio Ahead,info@studioahead.com,info@studioahead.com,agent_browser_crawl,+1 925-487-7177,http://studioahead.com,"2180 Bryant St #204, San Francisco, CA 94110, United States",https://www.google.com/maps/place/Studio+Ahead/data=!4m7!3m6!1s0x808f7f2102162465:0xfb7c814d63843!8m2!3d37.7594081!4d-122.4102237!16s%2Fg%2F11svdmq5j6!19sChIJZSQWAiF_j4ARQzjWFMi3DwA,,https://www.instagram.com/studioahead/?hl=en,,,,,,,,,,,0,,,,,,,,,ok,,1,5,0,1,http://studioahead.com/,https://www.google.com/maps/place/Studio+Ahead/data=!4m7!3m6!1s0x808f7f2102162465:0xfb7c814d63843!8m2!3d37.7594081!4d-122.4102237!16s%2Fg%2F11svdmq5j6!19sChIJZSQWAiF_j4ARQzjWFMi3DwA?authuser=0&hl=en&rclk=1,,FALSE,,FALSE,,0,FALSE,FALSE,
D,0.0,san francisco,Play,hey@play.studio,hey@play.studio,gosom_scraper,,http://play.studio,"520 Hampshire St, San Francisco, CA 94110, United States",https://www.google.com/maps/place/Play/data=!4m7!3m6!1s0x8085816c865c719d:0x1050d83305384858!8m2!3d37.7629129!4d-122.4085073!16s%2Fg%2F11h235jfnw!19sChIJnXFchmyBhYARWEg4BTPYUBA,,https://www.instagram.com/play_sf/,https://www.linkedin.com/company/playsf,,,,,,,,,,0,,,,,,,,,ok,,1,5,0,0,http://play.studio/,https://www.google.com/maps/place/Play/data=!4m7!3m6!1s0x8085816c865c719d:0x1050d83305384858!8m2!3d37.7629129!4d-122.4085073!16s%2Fg%2F11h235jfnw!19sChIJnXFchmyBhYARWEg4BTPYUBA?authuser=0&hl=en&rclk=1,,FALSE,,FALSE,,0,FALSE,TRUE,malformed
